Query ID,Original Query,Query Type,Intent Category,Expected Constraints,URL,Search parameters,Filters extracted,Retrieval method used,Candidate generation count,Final ranked results
Q001,cheap budget hotels in delhi,Natural Language,Budget Search,"budget=budget, area=delhi",http://localhost:8000/recommend?query=cheap+budget+hotels+in+delhi,"{""query"": ""cheap budget hotels in delhi"", ""max_results"": 10}","{""hard"": {""area"": ""Delhi NCR""}, ""soft"": {""budget_category"": ""budget""}}",Multi-Channel Hybrid Retrieval,50,"#1 Homestay Near Isbt Kashmiri Gate & Metro | Private Rooms & Dorms (Score: 0.57) | #2 Hotel Hr Residency (Score: 0.56) | #3 Rich Star Guest House (Score: 0.53) | #4 Hotel Aerostar Grand (Score: 0.49) | #5 Ibis New Delhi Aerocity (Score: 0.45) | #6 Hotel Season Couple Friendlly Near Pitampura Metro (Score: 0.44) | #7 Fortune Park, East Delhi - Member Itc Hotels' Group (Score: 0.00)"
Q002,affordable stays under 2000 in gurugram,Natural Language,Budget Search,"budget=budget, area=gurugram",http://localhost:8000/recommend?query=affordable+stays+under+2000+in+gurugram,"{""query"": ""affordable stays under 2000 in gurugram"", ""max_results"": 10}","{""hard"": {""area"": ""Gurugram""}, ""soft"": {}}",Multi-Channel Hybrid Retrieval,50,"#1 Holiday Inn Gurugram Sector 90 By Ihg (Score: 0.70) | #2 Grand Hyatt Gurgaon (Score: 0.60) | #3 Doubletree By Hilton Hotel Gurgaon - New Delhi Ncr (Score: 0.57) | #4 Hotel Mavens House (Score: 0.57) | #5 Lime Tree Hotel Pulkit Gurgaon Artemis Hospital, Nearest Millennium City Centre Metro Station (Score: 0.55) | #6 Collection O Hotel Cambridge (Score: 0.50)"
Q003,low cost hotel near manesar,Natural Language,Budget Search,"budget=budget, area=manesar",http://localhost:8000/recommend?query=low+cost+hotel+near+manesar,"{""query"": ""low cost hotel near manesar"", ""max_results"": 10}","{""hard"": {""area"": ""Manesar""}, ""soft"": {}}",Multi-Channel Hybrid Retrieval,50,"#1 Hotel Gurugram Manesar (Score: 0.76) | #2 Savoy Suites, Manesar (Score: 0.70) | #3 Heritage Village Resort & Spa, Manesar (Score: 0.63) | #4 Hotel Sk Residency (Score: 0.62) | #5 Hotel O V2 Stay (Score: 0.60) | #6 The Tomo Inn (Score: 0.54) | #7 Four Square (Score: 0.49)"
Q004,cheap hotel for student in delhi ncr,Natural Language,Budget Travel,budget=budget,http://localhost:8000/recommend?query=cheap+hotel+for+student+in+delhi+ncr,"{""query"": ""cheap hotel for student in delhi ncr"", ""max_results"": 10}","{""hard"": {""area"": ""Delhi Ncr,Delhi NCR,Ncr""}, ""soft"": {""budget_category"": ""budget""}}",Multi-Channel Hybrid Retrieval,50,"#1 Homestay Near Isbt Kashmiri Gate & Metro | Private Rooms & Dorms (Score: 0.73) | #2 Hotel Aerostar Grand (Score: 0.53) | #3 Ibis New Delhi Aerocity (Score: 0.45) | #4 Fortune Park, East Delhi - Member Itc Hotels' Group (Score: 0.00)"
Q005,luxury 5 star hotels in aerocity delhi,Natural Language,Luxury Search,"budget=luxury, area=aerocity",http://localhost:8000/recommend?query=luxury+5+star+hotels+in+aerocity+delhi,"{""query"": ""luxury 5 star hotels in aerocity delhi"", ""max_results"": 10}","{""hard"": {""area"": ""Aerocity,Delhi NCR""}, ""soft"": {""budget_category"": ""luxury""}}",Multi-Channel Hybrid Retrieval,50,"#1 Hotel Aerostar Grand (Score: 0.71) | #2 Fortune Park, East Delhi - Member Itc Hotels' Group (Score: 0.66) | #3 Ibis New Delhi Aerocity (Score: 0.56) | #4 Homestay Near Isbt Kashmiri Gate & Metro | Private Rooms & Dorms (Score: 0.00)"
Q006,premium premium stays in gurugram,Natural Language,Luxury Search,"budget=luxury, area=gurugram",http://localhost:8000/recommend?query=premium+premium+stays+in+gurugram,"{""query"": ""premium premium stays in gurugram"", ""max_results"": 10}","{""hard"": {""area"": ""Gurugram""}, ""soft"": {}}",Multi-Channel Hybrid Retrieval,50,"#1 Holiday Inn Gurugram Sector 90 By Ihg (Score: 0.77) | #2 Grand Hyatt Gurgaon (Score: 0.66) | #3 Doubletree By Hilton Hotel Gurgaon - New Delhi Ncr (Score: 0.62) | #4 Lime Tree Hotel Pulkit Gurgaon Artemis Hospital, Nearest Millennium City Centre Metro Station (Score: 0.62) | #5 Hotel Mavens House (Score: 0.57) | #6 Collection O Hotel Cambridge (Score: 0.55)"
Q007,best luxury hotel near airport,Natural Language,Luxury Search,"budget=luxury, area=airport",http://localhost:8000/recommend?query=best+luxury+hotel+near+airport,"{""query"": ""best luxury hotel near airport"", ""max_results"": 10}","{""hard"": {""area"": ""Airport""}, ""soft"": {""budget_category"": ""luxury""}}",Multi-Channel Hybrid Retrieval,50,
Q008,exclusive 5-star resort in manesar,Natural Language,Luxury Search,"budget=luxury, area=manesar",http://localhost:8000/recommend?query=exclusive+5-star+resort+in+manesar,"{""query"": ""exclusive 5-star resort in manesar"", ""max_results"": 10}","{""hard"": {""area"": ""Manesar""}, ""soft"": {}}",Multi-Channel Hybrid Retrieval,50,"#1 Hotel Gurugram Manesar (Score: 0.76) | #2 Savoy Suites, Manesar (Score: 0.71) | #3 Heritage Village Resort & Spa, Manesar (Score: 0.70) | #4 Hotel Sk Residency (Score: 0.58) | #5 Hotel O V2 Stay (Score: 0.55) | #6 The Tomo Inn (Score: 0.50) | #7 Four Square (Score: 0.49)"
Q009,business hotel with high speed wifi and conference room,Natural Language,Business Travel,"wifi=true, conference=true",http://localhost:8000/recommend?query=business+hotel+with+high+speed+wifi+and+conference+room,"{""query"": ""business hotel with high speed wifi and conference room"", ""max_results"": 10}","{""hard"": {}, ""soft"": {""travel_purpose"": ""business"", ""aspects"": ""wifi"", ""amenities"": ""Free Wi-Fi""}}",Multi-Channel Hybrid Retrieval,50,"#1 Hotel Corporate Guest House (Score: 0.56) | #2 Hotel Blu Plaza (Score: 0.55) | #3 Hotel Hsp Suites (Score: 0.55) | #4 Hotel Walk Inn (Score: 0.54) | #5 Hotel View - A Boutique Hotel (Score: 0.54) | #6 Sky Inn By Twamev (Score: 0.54) | #7 Roomshala 170 Hotel Aura (Score: 0.54) | #8 Cs Boutique Hotel (Score: 0.53) | #9 Radisson Blu Plaza Hotel, Delhi Airport (Score: 0.53) | #10 Hotel Bk Studios & Rooms (Score: 0.53)"
Q010,hotels near cyber city gurugram for business trip,Natural Language,Business Travel,area=gurugram,http://localhost:8000/recommend?query=hotels+near+cyber+city+gurugram+for+business+trip,"{""query"": ""hotels near cyber city gurugram for business trip"", ""max_results"": 10}","{""hard"": {""area"": ""Gurugram""}, ""soft"": {""travel_purpose"": ""business""}}",Multi-Channel Hybrid Retrieval,50,"#1 Evergreen Resort Aravali (Score: 0.71) | #2 Crs Inn - Hotels In Gurgaon (Score: 0.70) | #3 Holiday Inn Gurugram Sector 90 By Ihg (Score: 0.68) | #4 Hotel O J M K Hotel (Score: 0.65) | #5 Doubletree By Hilton Hotel Gurgaon - New Delhi Ncr (Score: 0.63) | #6 Hotel Mavens House (Score: 0.62) | #7 Lime Tree Hotel Pulkit Gurgaon Artemis Hospital, Nearest Millennium City Centre Metro Station (Score: 0.61) | #8 Fabhotel Rr Residency - Hotel In Dlf Phase 2, Gurgaon (Score: 0.60) | #9 Nikko Blue Hotel (Score: 0.60) | #10 Royal Residence 266 (Score: 0.59)"
Q011,stay near pragati maidan exhibition centre,Natural Language,Business Travel,area=delhi,http://localhost:8000/recommend?query=stay+near+pragati+maidan+exhibition+centre,"{""query"": ""stay near pragati maidan exhibition centre"", ""max_results"": 10}","{""hard"": {}, ""soft"": {}}",Multi-Channel Hybrid Retrieval,50,"#1 Radisson Blu Plaza Hotel, Delhi Airport (Score: 0.56) | #2 Flora Residency (Score: 0.51) | #3 Hotel Season Couple Friendlly Near Pitampura Metro (Score: 0.50) | #4 Holiday Inn New Delhi Int'L Airport, An Ihg Hotel (Score: 0.47) | #5 Pullman New Delhi Aerocity (Score: 0.47) | #6 Taj Palace, New Delhi (Score: 0.47) | #7 Limewood Signature - Near Golf Course Road (Score: 0.41) | #8 Hotel D K Residency (Score: 0.41) | #9 Pride Plaza Aerocity (Score: 0.37)"
Q012,quiet hotel with writing desk and business center,Natural Language,Business Travel,quiet=true,http://localhost:8000/recommend?query=quiet+hotel+with+writing+desk+and+business+center,"{""query"": ""quiet hotel with writing desk and business center"", ""max_results"": 10}","{""hard"": {}, ""soft"": {""travel_purpose"": ""business""}}",Multi-Channel Hybrid Retrieval,50,#1 Hotel Bk Studios & Rooms (Score: 0.61) | #2 Hotel Hsp Suites (Score: 0.59) | #3 Roomshala 170 Hotel Aura (Score: 0.58) | #4 Hotel The Luxe (Score: 0.58) | #5 Stay Studio Hotel & Residences (Score: 0.58) | #6 Hotel Corporate Guest House (Score: 0.57) | #7 Hotel City Premier (Score: 0.57) | #8 Hotel Hr Residency (Score: 0.57) | #9 Hotel Blu Plaza (Score: 0.57) | #10 Hotel Grand Regency (Score: 0.57)
Q013,family friendly hotel with large rooms and play area,Natural Language,Family Travel,family=true,http://localhost:8000/recommend?query=family+friendly+hotel+with+large+rooms+and+play+area,"{""query"": ""family friendly hotel with large rooms and play area"", ""max_results"": 10}","{""hard"": {}, ""soft"": {""travel_purpose"": ""family""}}",Multi-Channel Hybrid Retrieval,50,#1 Family Guest House (Score: 0.59) | #2 Hotel Corporate Guest House (Score: 0.58) | #3 Roomshala 170 Hotel Aura (Score: 0.57) | #4 Hotel A.P Residency (Score: 0.57) | #5 Hotel Golf View Suites (Score: 0.57) | #6 Dayal Regency (Score: 0.56) | #7 Hotel O Shree Jee Inn Guest House (Score: 0.56) | #8 Hotel Amar Palace (Score: 0.56) | #9 Urban Oasis (Score: 0.56) | #10 Hotel Blu Plaza (Score: 0.56)
Q014,kid friendly resort near manesar,Natural Language,Family Travel,area=manesar,http://localhost:8000/recommend?query=kid+friendly+resort+near+manesar,"{""query"": ""kid friendly resort near manesar"", ""max_results"": 10}","{""hard"": {""area"": ""Manesar""}, ""soft"": {}}",Multi-Channel Hybrid Retrieval,50,"#1 Hotel Gurugram Manesar (Score: 0.74) | #2 The Tomo Inn (Score: 0.72) | #3 Savoy Suites, Manesar (Score: 0.70) | #4 Heritage Village Resort & Spa, Manesar (Score: 0.70) | #5 Hotel Sk Residency (Score: 0.59) | #6 Hotel O V2 Stay (Score: 0.56) | #7 Four Square (Score: 0.49)"
Q015,stays with triple bed family rooms in delhi NCR,Natural Language,Family Travel,family=true,http://localhost:8000/recommend?query=stays+with+triple+bed+family+rooms+in+delhi+NCR,"{""query"": ""stays with triple bed family rooms in delhi NCR"", ""max_results"": 10}","{""hard"": {""area"": ""Delhi Ncr,Delhi NCR,Ncr""}, ""soft"": {""travel_purpose"": ""family""}}",Multi-Channel Hybrid Retrieval,50,"#1 Homestay Near Isbt Kashmiri Gate & Metro | Private Rooms & Dorms (Score: 0.58) | #2 Fortune Park, East Delhi - Member Itc Hotels' Group (Score: 0.45) | #3 Hotel Aerostar Grand (Score: 0.44) | #4 Holiday Inn New Delhi Mayur Vihar Noida, An Ihg Hotel (Score: 0.38) | #5 Ibis New Delhi Aerocity (Score: 0.37)"
Q016,hotel suitable for elderly parents and kids,Natural Language,Family Travel,family=true,http://localhost:8000/recommend?query=hotel+suitable+for+elderly+parents+and+kids,"{""query"": ""hotel suitable for elderly parents and kids"", ""max_results"": 10}","{""hard"": {}, ""soft"": {}}",Multi-Channel Hybrid Retrieval,50,"#1 Flora Residency (Score: 0.52) | #2 Hotel D K Residency (Score: 0.50) | #3 Radisson Blu Plaza Hotel, Delhi Airport (Score: 0.49) | #4 Holiday Inn New Delhi Int'L Airport, An Ihg Hotel (Score: 0.49) | #5 Limewood Signature - Near Golf Course Road (Score: 0.39) | #6 Pride Plaza Aerocity (Score: 0.39) | #7 Taj Palace, New Delhi (Score: 0.36) | #8 Pullman New Delhi Aerocity (Score: 0.35)"
Q017,safe single room hotel for solo traveler in delhi,Natural Language,Solo Travel,"safe=true, area=delhi",http://localhost:8000/recommend?query=safe+single+room+hotel+for+solo+traveler+in+delhi,"{""query"": ""safe single room hotel for solo traveler in delhi"", ""max_results"": 10}","{""hard"": {""area"": ""Delhi NCR""}, ""soft"": {""travel_purpose"": ""solo""}}",Multi-Channel Hybrid Retrieval,50,"#1 Radisson Blu Hotel, New Delhi Paschim Vihar (Score: 0.41) | #2 Holiday Inn New Delhi Mayur Vihar Noida, An Ihg Hotel (Score: 0.39) | #3 Vivanta New Delhi, Dwarka (Score: 0.38) | #4 Ibis New Delhi Aerocity (Score: 0.37)"
Q018,social hostel or guest house in gurugram,Natural Language,Solo Travel,area=gurugram,http://localhost:8000/recommend?query=social+hostel+or+guest+house+in+gurugram,"{""query"": ""social hostel or guest house in gurugram"", ""max_results"": 10}","{""hard"": {""area"": ""Gurugram""}, ""soft"": {}}",Multi-Channel Hybrid Retrieval,50,"#1 Holiday Inn Gurugram Sector 90 By Ihg (Score: 0.68) | #2 Hotel Mavens House (Score: 0.61) | #3 Lime Tree Hotel Pulkit Gurgaon Artemis Hospital, Nearest Millennium City Centre Metro Station (Score: 0.60) | #4 Doubletree By Hilton Hotel Gurgaon - New Delhi Ncr (Score: 0.59) | #5 Grand Hyatt Gurgaon (Score: 0.56) | #6 Collection O Hotel Cambridge (Score: 0.52)"
Q019,safe budget room for solo female traveler,Natural Language,Solo Travel,"safe=true, budget=budget",http://localhost:8000/recommend?query=safe+budget+room+for+solo+female+traveler,"{""query"": ""safe budget room for solo female traveler"", ""max_results"": 10}","{""hard"": {}, ""soft"": {""budget_category"": ""budget"", ""travel_purpose"": ""solo""}}",Multi-Channel Hybrid Retrieval,50,"#1 Flora Residency (Score: 0.61) | #2 Holiday Inn New Delhi Mayur Vihar Noida, An Ihg Hotel (Score: 0.56) | #3 Holiday Inn New Delhi Int'L Airport, An Ihg Hotel (Score: 0.54) | #4 Bloom Hotel - Golf Course Road, Sector 43 (Score: 0.50) | #5 Novotel New Delhi Aerocity (Score: 0.49) | #6 Vamsor Heights (Score: 0.47) | #7 Vivanta New Delhi, Dwarka (Score: 0.47) | #8 Ibis New Delhi Aerocity (Score: 0.47) | #9 Limewood Signature - Near Golf Course Road (Score: 0.42) | #10 Radisson Blu Plaza Hotel, Delhi Airport (Score: 0.03)"
Q020,solo transit stay near IGI airport,Natural Language,Solo Travel,area=airport,http://localhost:8000/recommend?query=solo+transit+stay+near+IGI+airport,"{""query"": ""solo transit stay near IGI airport"", ""max_results"": 10}","{""hard"": {""area"": ""Airport""}, ""soft"": {""travel_purpose"": ""solo""}}",Multi-Channel Hybrid Retrieval,50,#1 Airport Hotel Royal Inn Igi (Score: 0.73) | #2 Holiday Inn Express New Delhi Int'L Airport T3 (Score: 0.49)
Q021,couple friendly hotel in delhi NCR with privacy,Natural Language,Couple Travel,couple=true,http://localhost:8000/recommend?query=couple+friendly+hotel+in+delhi+NCR+with+privacy,"{""query"": ""couple friendly hotel in delhi NCR with privacy"", ""max_results"": 10}","{""hard"": {""area"": ""Delhi Ncr,Delhi NCR,Ncr""}, ""soft"": {""travel_purpose"": ""couple"", ""amenities"": ""Air Conditioning""}}",Multi-Channel Hybrid Retrieval,50,"#1 Holiday Inn New Delhi Mayur Vihar Noida, An Ihg Hotel (Score: 0.53) | #2 Fortune Park, East Delhi - Member Itc Hotels' Group (Score: 0.53) | #3 Hotel Aerostar Grand (Score: 0.52) | #4 Ibis New Delhi Aerocity (Score: 0.47)"
Q022,romantic hotel with bathtub for anniversary,Natural Language,Couple Travel,couple=true,http://localhost:8000/recommend?query=romantic+hotel+with+bathtub+for+anniversary,"{""query"": ""romantic hotel with bathtub for anniversary"", ""max_results"": 10}","{""hard"": {}, ""soft"": {}}",Multi-Channel Hybrid Retrieval,50,"#1 Flora Residency (Score: 0.62) | #2 Radisson Blu Plaza Hotel, Delhi Airport (Score: 0.61) | #3 Hotel D K Residency (Score: 0.59) | #4 Limewood Signature - Near Golf Course Road (Score: 0.51) | #5 Pride Plaza Aerocity (Score: 0.50) | #6 Holiday Inn New Delhi Int'L Airport, An Ihg Hotel (Score: 0.49) | #7 Pullman New Delhi Aerocity (Score: 0.47)"
Q023,honeymoon suites in luxury hotels Aerocity,Natural Language,Couple Travel,"couple=true, budget=luxury, area=aerocity",http://localhost:8000/recommend?query=honeymoon+suites+in+luxury+hotels+Aerocity,"{""query"": ""honeymoon suites in luxury hotels Aerocity"", ""max_results"": 10}","{""hard"": {""area"": ""Aerocity""}, ""soft"": {""budget_category"": ""luxury""}}",Multi-Channel Hybrid Retrieval,50,"#1 Holiday Inn New Delhi Int'L Airport, An Ihg Hotel (Score: 0.95) | #2 Pride Plaza Aerocity (Score: 0.84) | #3 Pullman New Delhi Aerocity (Score: 0.80)"
Q024,secure stay for unmarried couples in gurugram,Natural Language,Couple Travel,"couple=true, area=gurugram",http://localhost:8000/recommend?query=secure+stay+for+unmarried+couples+in+gurugram,"{""query"": ""secure stay for unmarried couples in gurugram"", ""max_results"": 10}","{""hard"": {""area"": ""Gurugram""}, ""soft"": {""travel_purpose"": ""couple""}}",Multi-Channel Hybrid Retrieval,50,"#1 Holiday Inn Gurugram Sector 90 By Ihg (Score: 0.75) | #2 Crs Inn - Hotels In Gurgaon (Score: 0.75) | #3 Royal Residence 266 (Score: 0.72) | #4 Hotel O J M K Hotel (Score: 0.71) | #5 Evergreen Resort Aravali (Score: 0.70) | #6 Hotel Mavens House (Score: 0.69) | #7 Fabhotel Rr Residency - Hotel In Dlf Phase 2, Gurgaon (Score: 0.69) | #8 Grand Hyatt Gurgaon (Score: 0.68) | #9 Grand Mantram Resort (Score: 0.67) | #10 Hotel Mavens White - Near Artemis Hospital (Score: 0.67)"
Q025,weekend getaway resort near delhi NCR,Natural Language,Weekend Trip,resort=true,http://localhost:8000/recommend?query=weekend+getaway+resort+near+delhi+NCR,"{""query"": ""weekend getaway resort near delhi NCR"", ""max_results"": 10}","{""hard"": {""area"": ""Delhi Ncr,Delhi NCR,Ncr""}, ""soft"": {}}",Multi-Channel Hybrid Retrieval,50,"#1 Fortune Park, East Delhi - Member Itc Hotels' Group (Score: 0.59) | #2 Homestay Near Isbt Kashmiri Gate & Metro | Private Rooms & Dorms (Score: 0.57) | #3 Hotel Aerostar Grand (Score: 0.49) | #4 Ibis New Delhi Aerocity (Score: 0.37)"
Q026,resort with pool for weekend staycation,Natural Language,Weekend Trip,pool=true,http://localhost:8000/recommend?query=resort+with+pool+for+weekend+staycation,"{""query"": ""resort with pool for weekend staycation"", ""max_results"": 10}","{""hard"": {}, ""soft"": {""aspects"": ""pool"", ""amenities"": ""Pool""}}",Multi-Channel Hybrid Retrieval,50,"#1 Aapnoghar (Resort, Water Park, Amusement Park) (Score: 0.57) | #2 Corporate Stays -Suncity (Score: 0.57) | #3 Stayvista Villa (Score: 0.57) | #4 The Ocean Pearl Gardenia (Score: 0.57) | #5 Golf Luxury (Score: 0.56) | #6 Bloom Hotel - Golf Course Road, Sector 43 (Score: 0.56) | #7 Mosaic Hotel Noida (Score: 0.56) | #8 Saltstayz Select - Unitech Cyber Park (Score: 0.55) | #9 Saltstayz Premier Sector 42 - Golf Course Road (Score: 0.55) | #10 Hotel Golf View Suites (Score: 0.55)"
Q027,quick weekend stay near leisure valley gurugram,Natural Language,Weekend Trip,area=gurugram,http://localhost:8000/recommend?query=quick+weekend+stay+near+leisure+valley+gurugram,"{""query"": ""quick weekend stay near leisure valley gurugram"", ""max_results"": 10}","{""hard"": {""area"": ""Gurugram""}, ""soft"": {""travel_purpose"": ""leisure""}}",Multi-Channel Hybrid Retrieval,50,"#1 Holiday Inn Gurugram Sector 90 By Ihg (Score: 0.75) | #2 Crs Inn - Hotels In Gurgaon (Score: 0.67) | #3 Evergreen Resort Aravali (Score: 0.65) | #4 Grand Mantram Resort (Score: 0.64) | #5 Fabhotel Rr Residency - Hotel In Dlf Phase 2, Gurgaon (Score: 0.63) | #6 Hotel Windsor Castle (Score: 0.60) | #7 Grand Hyatt Gurgaon (Score: 0.60) | #8 Doubletree By Hilton Hotel Gurgaon - New Delhi Ncr (Score: 0.58) | #9 Royal Residence 266 (Score: 0.58) | #10 Rsk Crown Plaza (Score: 0.57)"
Q028,short 2 day trip stays near manesar hill,Natural Language,Weekend Trip,area=manesar,http://localhost:8000/recommend?query=short+2+day+trip+stays+near+manesar+hill,"{""query"": ""short 2 day trip stays near manesar hill"", ""max_results"": 10}","{""hard"": {""area"": ""Manesar""}, ""soft"": {}}",Multi-Channel Hybrid Retrieval,50,"#1 Hotel Gurugram Manesar (Score: 0.76) | #2 Savoy Suites, Manesar (Score: 0.69) | #3 Heritage Village Resort & Spa, Manesar (Score: 0.66) | #4 Hotel Sk Residency (Score: 0.61) | #5 Hotel O V2 Stay (Score: 0.61) | #6 The Tomo Inn (Score: 0.53) | #7 Four Square (Score: 0.52)"
Q029,long stay service apartments in gurugram with kitchen,Natural Language,Long Stay,"kitchen=true, area=gurugram",http://localhost:8000/recommend?query=long+stay+service+apartments+in+gurugram+with+kitchen,"{""query"": ""long stay service apartments in gurugram with kitchen"", ""max_results"": 10}","{""hard"": {""area"": ""Apartment,Gurugram""}, ""soft"": {""aspects"": ""service""}}",Multi-Channel Hybrid Retrieval,50,"#1 Hotel Mavens House (Score: 0.54) | #2 Grand Hyatt Gurgaon (Score: 0.46) | #3 Lime Tree Hotel Pulkit Gurgaon Artemis Hospital, Nearest Millennium City Centre Metro Station (Score: 0.41) | #4 Doubletree By Hilton Hotel Gurgaon - New Delhi Ncr (Score: 0.39) | #5 Holiday Inn Gurugram Sector 90 By Ihg (Score: 0.37) | #6 Collection O Hotel Cambridge (Score: 0.37)"
Q030,extended stay discounts hotel in delhi NCR,Natural Language,Long Stay,long_stay=true,http://localhost:8000/recommend?query=extended+stay+discounts+hotel+in+delhi+NCR,"{""query"": ""extended stay discounts hotel in delhi NCR"", ""max_results"": 10}","{""hard"": {""area"": ""Delhi Ncr,Delhi NCR,Ncr""}, ""soft"": {}}",Multi-Channel Hybrid Retrieval,50,"#1 Fortune Park, East Delhi - Member Itc Hotels' Group (Score: 0.52) | #2 Homestay Near Isbt Kashmiri Gate & Metro | Private Rooms & Dorms (Score: 0.49) | #3 Hotel Aerostar Grand (Score: 0.47) | #4 Ibis New Delhi Aerocity (Score: 0.37)"
Q031,homestay with laundry facilities for monthly rent,Natural Language,Long Stay,laundry=true,http://localhost:8000/recommend?query=homestay+with+laundry+facilities+for+monthly+rent,"{""query"": ""homestay with laundry facilities for monthly rent"", ""max_results"": 10}","{""hard"": {}, ""soft"": {""amenities"": ""Laundry,Air Conditioning""}}",Multi-Channel Hybrid Retrieval,50,#1 Family Guest House (Score: 0.59) | #2 Raj Residency Guest House (Score: 0.58) | #3 Sukajini Home Stay & Pg (Score: 0.57) | #4 Rama House (Score: 0.57) | #5 Divisha Homes (Score: 0.56) | #6 Stayvista Villa (Score: 0.56) | #7 Royal Residence 266 (Score: 0.56) | #8 Destiny House (Score: 0.56) | #9 Sun Moon Residency And Apartments (Score: 0.56) | #10 Hotel O Shree Jee Inn Guest House (Score: 0.56)
Q032,monthly executive suite near cyber city,Natural Language,Long Stay,area=gurugram,http://localhost:8000/recommend?query=monthly+executive+suite+near+cyber+city,"{""query"": ""monthly executive suite near cyber city"", ""max_results"": 10}","{""hard"": {}, ""soft"": {}}",Multi-Channel Hybrid Retrieval,50,"#1 Radisson Blu Plaza Hotel, Delhi Airport (Score: 0.60) | #2 Pullman New Delhi Aerocity (Score: 0.55) | #3 Hotel D K Residency (Score: 0.52) | #4 Holiday Inn New Delhi Int'L Airport, An Ihg Hotel (Score: 0.50) | #5 Pride Plaza Aerocity (Score: 0.50) | #6 Taj Palace, New Delhi (Score: 0.50) | #7 Flora Residency (Score: 0.46) | #8 Limewood Signature - Near Golf Course Road (Score: 0.45)"
Q033,hotels within walking distance to metro station delhi,Natural Language,Metro Proximity,"metro=true, area=delhi",http://localhost:8000/recommend?query=hotels+within+walking+distance+to+metro+station+delhi,"{""query"": ""hotels within walking distance to metro station delhi"", ""max_results"": 10}","{""hard"": {""area"": ""Delhi NCR,Metro""}, ""soft"": {}}",Multi-Channel Hybrid Retrieval,50,"#1 Homestay Near Isbt Kashmiri Gate & Metro | Private Rooms & Dorms (Score: 0.51) | #2 Hotel Aerostar Grand (Score: 0.50) | #3 Fortune Park, East Delhi - Member Itc Hotels' Group (Score: 0.46) | #4 Ibis New Delhi Aerocity (Score: 0.44)"
Q034,budget hotels near huda city centre metro,Natural Language,Metro Proximity,"metro=true, budget=budget, area=gurugram",http://localhost:8000/recommend?query=budget+hotels+near+huda+city+centre+metro,"{""query"": ""budget hotels near huda city centre metro"", ""max_results"": 10}","{""hard"": {""area"": ""Metro""}, ""soft"": {""budget_category"": ""budget""}}",Multi-Channel Hybrid Retrieval,50,
Q035,hotels near IGI Airport terminal 3 Aerocity,Natural Language,Airport Proximity,area=aerocity,http://localhost:8000/recommend?query=hotels+near+IGI+Airport+terminal+3+Aerocity,"{""query"": ""hotels near IGI Airport terminal 3 Aerocity"", ""max_results"": 10}","{""hard"": {""area"": ""Aerocity,Airport""}, ""soft"": {}}",Multi-Channel Hybrid Retrieval,50,"#1 Novotel New Delhi Aerocity (Score: 0.43) | #2 Holiday Inn New Delhi Int'L Airport, An Ihg Hotel (Score: 0.38) | #3 Pride Plaza Aerocity (Score: 0.31)"
Q036,transit stays near airport with free pickup,Natural Language,Airport Proximity,airport=true,http://localhost:8000/recommend?query=transit+stays+near+airport+with+free+pickup,"{""query"": ""transit stays near airport with free pickup"", ""max_results"": 10}","{""hard"": {""area"": ""Airport""}, ""soft"": {}}",Multi-Channel Hybrid Retrieval,50,#1 Holiday Inn Express New Delhi Int'L Airport T3 (Score: 0.61) | #2 Airport Hotel Royal Inn Igi (Score: 0.48)
Q037,hotels near red fort and chandni chowk delhi,Natural Language,Attraction Proximity,area=delhi,http://localhost:8000/recommend?query=hotels+near+red+fort+and+chandni+chowk+delhi,"{""query"": ""hotels near red fort and chandni chowk delhi"", ""max_results"": 10}","{""hard"": {""area"": ""Chandni Chowk,Delhi NCR""}, ""soft"": {}}",Multi-Channel Hybrid Retrieval,50,"#1 Homestay Near Isbt Kashmiri Gate & Metro | Private Rooms & Dorms (Score: 0.51) | #2 Fortune Park, East Delhi - Member Itc Hotels' Group (Score: 0.49) | #3 Hotel Aerostar Grand (Score: 0.48) | #4 Ibis New Delhi Aerocity (Score: 0.40)"
Q038,stay near qutub minar south delhi,Natural Language,Attraction Proximity,area=delhi,http://localhost:8000/recommend?query=stay+near+qutub+minar+south+delhi,"{""query"": ""stay near qutub minar south delhi"", ""max_results"": 10}","{""hard"": {""area"": ""South Delhi,Delhi NCR""}, ""soft"": {}}",Multi-Channel Hybrid Retrieval,50,"#1 Homestay Near Isbt Kashmiri Gate & Metro | Private Rooms & Dorms (Score: 0.58) | #2 Ibis New Delhi Aerocity (Score: 0.48) | #3 Hotel Aerostar Grand (Score: 0.47) | #4 Fortune Park, East Delhi - Member Itc Hotels' Group (Score: 0.45)"
Q039,hotels near kingdom of dreams gurugram,Natural Language,Attraction Proximity,area=gurugram,http://localhost:8000/recommend?query=hotels+near+kingdom+of+dreams+gurugram,"{""query"": ""hotels near kingdom of dreams gurugram"", ""max_results"": 10}","{""hard"": {""area"": ""Gurugram""}, ""soft"": {}}",Multi-Channel Hybrid Retrieval,50,"#1 Holiday Inn Gurugram Sector 90 By Ihg (Score: 0.68) | #2 Hotel Mavens House (Score: 0.62) | #3 Lime Tree Hotel Pulkit Gurgaon Artemis Hospital, Nearest Millennium City Centre Metro Station (Score: 0.61) | #4 Doubletree By Hilton Hotel Gurgaon - New Delhi Ncr (Score: 0.60) | #5 Collection O Hotel Cambridge (Score: 0.56) | #6 Grand Hyatt Gurgaon (Score: 0.56)"
Q040,resorts near sultanpur bird sanctuary,Natural Language,Attraction Proximity,sanctuary=true,http://localhost:8000/recommend?query=resorts+near+sultanpur+bird+sanctuary,"{""query"": ""resorts near sultanpur bird sanctuary"", ""max_results"": 10}","{""hard"": {""area"": ""Sultanpur""}, ""soft"": {}}",Multi-Channel Hybrid Retrieval,50,#1 Sultanpur Resorts And Fun Village (Score: 0.73) | #2 Jmd Hotel (Score: 0.62) | #3 The Estate Villa (Score: 0.59) | #4 Avalon Courtyard Residences And Suites (Score: 0.56)
Q041,hotels with excellent cleanliness ratings,Natural Language,High Cleanliness,cleanliness>=4.8,http://localhost:8000/recommend?query=hotels+with+excellent+cleanliness+ratings,"{""query"": ""hotels with excellent cleanliness ratings"", ""max_results"": 10}","{""hard"": {}, ""soft"": {""aspects"": ""cleanliness""}}",Multi-Channel Hybrid Retrieval,50,"#1 Hotel D K Residency (Score: 0.56) | #2 Flora Residency (Score: 0.49) | #3 Radisson Blu Plaza Hotel, Delhi Airport (Score: 0.48) | #4 Pride Plaza Aerocity (Score: 0.41) | #5 Pullman New Delhi Aerocity (Score: 0.41) | #6 Limewood Signature - Near Golf Course Road (Score: 0.39)"
Q042,hygienic and sanitised rooms in delhi NCR,Natural Language,High Cleanliness,cleanliness>=4.5,http://localhost:8000/recommend?query=hygienic+and+sanitised+rooms+in+delhi+NCR,"{""query"": ""hygienic and sanitised rooms in delhi NCR"", ""max_results"": 10}","{""hard"": {""area"": ""Delhi Ncr,Delhi NCR,Ncr""}, ""soft"": {}}",Multi-Channel Hybrid Retrieval,50,"#1 Ibis New Delhi Aerocity (Score: 0.49) | #2 Homestay Near Isbt Kashmiri Gate & Metro | Private Rooms & Dorms (Score: 0.49) | #3 Anantam Farm Delhi (Score: 0.48) | #4 Fortune Park, East Delhi - Member Itc Hotels' Group (Score: 0.44) | #5 Hotel Aerostar Grand (Score: 0.39)"
Q043,spotless premium hotels in gurugram,Natural Language,High Cleanliness,"cleanliness>=4.8, area=gurugram",http://localhost:8000/recommend?query=spotless+premium+hotels+in+gurugram,"{""query"": ""spotless premium hotels in gurugram"", ""max_results"": 10}","{""hard"": {""area"": ""Gurugram""}, ""soft"": {}}",Multi-Channel Hybrid Retrieval,50,"#1 Holiday Inn Gurugram Sector 90 By Ihg (Score: 0.68) | #2 Hotel Mavens House (Score: 0.63) | #3 Doubletree By Hilton Hotel Gurgaon - New Delhi Ncr (Score: 0.62) | #4 Lime Tree Hotel Pulkit Gurgaon Artemis Hospital, Nearest Millennium City Centre Metro Station (Score: 0.62) | #5 Grand Hyatt Gurgaon (Score: 0.59) | #6 Collection O Hotel Cambridge (Score: 0.54)"
Q044,highly clean budget hotel,Natural Language,High Cleanliness,"cleanliness>=4.5, budget=budget",http://localhost:8000/recommend?query=highly+clean+budget+hotel,"{""query"": ""highly clean budget hotel"", ""max_results"": 10}","{""hard"": {}, ""soft"": {""budget_category"": ""budget""}}",Multi-Channel Hybrid Retrieval,50,"#1 Holiday Inn New Delhi Int'L Airport, An Ihg Hotel (Score: 0.57) | #2 Hotel D K Residency (Score: 0.56) | #3 Flora Residency (Score: 0.52) | #4 Limewood Signature - Near Golf Course Road (Score: 0.44) | #5 Pride Plaza Aerocity (Score: 0.40) | #6 Radisson Blu Plaza Hotel, Delhi Airport (Score: 0.00) | #7 Pullman New Delhi Aerocity (Score: 0.00) | #8 Taj Palace, New Delhi (Score: 0.00)"
Q045,top rated hotels with 5 star guest ratings,Natural Language,High Ratings,rating>=4.5,http://localhost:8000/recommend?query=top+rated+hotels+with+5+star+guest+ratings,"{""query"": ""top rated hotels with 5 star guest ratings"", ""max_results"": 10}","{""hard"": {}, ""soft"": {}}",Multi-Channel Hybrid Retrieval,50,"#1 Flora Residency (Score: 0.48) | #2 Hotel D K Residency (Score: 0.48) | #3 Radisson Blu Plaza Hotel, Delhi Airport (Score: 0.48) | #4 Holiday Inn New Delhi Int'L Airport, An Ihg Hotel (Score: 0.46) | #5 Pullman New Delhi Aerocity (Score: 0.41) | #6 Limewood Signature - Near Golf Course Road (Score: 0.39) | #7 Pride Plaza Aerocity (Score: 0.38) | #8 Taj Palace, New Delhi (Score: 0.34)"
Q046,best reviewed hotels in gurugram,Natural Language,High Ratings,"rating>=4.5, area=gurugram",http://localhost:8000/recommend?query=best+reviewed+hotels+in+gurugram,"{""query"": ""best reviewed hotels in gurugram"", ""max_results"": 10}","{""hard"": {""area"": ""Gurugram""}, ""soft"": {""aspects"": ""view""}}",Multi-Channel Hybrid Retrieval,50,#1 Doubletree By Hilton Hotel Gurgaon - New Delhi Ncr (Score: 0.61) | #2 Hotel Mavens House (Score: 0.60) | #3 Grand Hyatt Gurgaon (Score: 0.58)
Q047,hotels with high trust score above 90,Natural Language,High Ratings,trust>=90,http://localhost:8000/recommend?query=hotels+with+high+trust+score+above+90,"{""query"": ""hotels with high trust score above 90"", ""max_results"": 10}","{""hard"": {}, ""soft"": {}}",Multi-Channel Hybrid Retrieval,50,"#1 Hotel D K Residency (Score: 0.52) | #2 Flora Residency (Score: 0.52) | #3 Holiday Inn New Delhi Int'L Airport, An Ihg Hotel (Score: 0.48) | #4 Limewood Signature - Near Golf Course Road (Score: 0.46) | #5 Radisson Blu Plaza Hotel, Delhi Airport (Score: 0.46) | #6 Taj Palace, New Delhi (Score: 0.40) | #7 Pride Plaza Aerocity (Score: 0.40) | #8 Pullman New Delhi Aerocity (Score: 0.37)"
Q048,guest favorite stays in delhi NCR,Natural Language,High Ratings,rating>=4.5,http://localhost:8000/recommend?query=guest+favorite+stays+in+delhi+NCR,"{""query"": ""guest favorite stays in delhi NCR"", ""max_results"": 10}","{""hard"": {""area"": ""Delhi Ncr,Delhi NCR,Ncr""}, ""soft"": {}}",Multi-Channel Hybrid Retrieval,50,"#1 Homestay Near Isbt Kashmiri Gate & Metro | Private Rooms & Dorms (Score: 0.58) | #2 Fortune Park, East Delhi - Member Itc Hotels' Group (Score: 0.56) | #3 Hotel Aerostar Grand (Score: 0.45) | #4 Ibis New Delhi Aerocity (Score: 0.37)"
Q049,best value for money hotels in delhi,Natural Language,Good Value,"value>=4.5, area=delhi",http://localhost:8000/recommend?query=best+value+for+money+hotels+in+delhi,"{""query"": ""best value for money hotels in delhi"", ""max_results"": 10}","{""hard"": {""area"": ""Delhi NCR""}, ""soft"": {""aspects"": ""value""}}",Multi-Channel Hybrid Retrieval,50,"#1 Hotel Aerostar Grand (Score: 0.49) | #2 Homestay Near Isbt Kashmiri Gate & Metro | Private Rooms & Dorms (Score: 0.46) | #3 Fortune Park, East Delhi - Member Itc Hotels' Group (Score: 0.45) | #4 Ibis New Delhi Aerocity (Score: 0.41)"
Q050,high quality low price hotel gurugram,Natural Language,Good Value,"value>=4.5, budget=budget, area=gurugram",http://localhost:8000/recommend?query=high+quality+low+price+hotel+gurugram,"{""query"": ""high quality low price hotel gurugram"", ""max_results"": 10}","{""hard"": {""area"": ""Gurugram""}, ""soft"": {}}",Multi-Channel Hybrid Retrieval,50,"#1 Holiday Inn Gurugram Sector 90 By Ihg (Score: 0.72) | #2 Hotel Mavens House (Score: 0.64) | #3 Doubletree By Hilton Hotel Gurgaon - New Delhi Ncr (Score: 0.63) | #4 Grand Hyatt Gurgaon (Score: 0.62) | #5 Lime Tree Hotel Pulkit Gurgaon Artemis Hospital, Nearest Millennium City Centre Metro Station (Score: 0.61) | #6 Collection O Hotel Cambridge (Score: 0.56)"
Q051,worth the price stay near manesar,Natural Language,Good Value,"value>=4.5, area=manesar",http://localhost:8000/recommend?query=worth+the+price+stay+near+manesar,"{""query"": ""worth the price stay near manesar"", ""max_results"": 10}","{""hard"": {""area"": ""Manesar""}, ""soft"": {}}",Multi-Channel Hybrid Retrieval,50,"#1 Hotel Gurugram Manesar (Score: 0.80) | #2 Savoy Suites, Manesar (Score: 0.74) | #3 Heritage Village Resort & Spa, Manesar (Score: 0.70) | #4 Hotel Sk Residency (Score: 0.55) | #5 The Tomo Inn (Score: 0.54) | #6 Hotel O V2 Stay (Score: 0.54) | #7 Four Square (Score: 0.50)"
Q052,highly rated value properties delhi NCR,Natural Language,Good Value,value>=4.5,http://localhost:8000/recommend?query=highly+rated+value+properties+delhi+NCR,"{""query"": ""highly rated value properties delhi NCR"", ""max_results"": 10}","{""hard"": {""area"": ""Delhi Ncr,Delhi NCR,Ncr""}, ""soft"": {""aspects"": ""value""}}",Multi-Channel Hybrid Retrieval,50,"#1 Ibis New Delhi Aerocity (Score: 0.49) | #2 Hotel Aerostar Grand (Score: 0.48) | #3 Homestay Near Isbt Kashmiri Gate & Metro | Private Rooms & Dorms (Score: 0.44) | #4 Fortune Park, East Delhi - Member Itc Hotels' Group (Score: 0.43)"
Q053,hotels offering free breakfast in delhi,Natural Language,Free Breakfast,"breakfast=true, area=delhi",http://localhost:8000/recommend?query=hotels+offering+free+breakfast+in+delhi,"{""query"": ""hotels offering free breakfast in delhi"", ""max_results"": 10}","{""hard"": {""area"": ""Delhi NCR""}, ""soft"": {""amenities"": ""Breakfast""}}",Multi-Channel Hybrid Retrieval,50,#1 The Castle Bed And Breakfast (Score: 0.54) | #2 Travellers Hotel (Score: 0.54) | #3 Urban Retreat (Score: 0.53) | #4 Hotel View - A Boutique Hotel (Score: 0.53) | #5 Park Inn By Radisson New Delhi Ip Extension (Score: 0.52) | #6 Hotel Hr Residency (Score: 0.51) | #7 Hotel O 24 Seven Stay (Score: 0.51) | #8 Hotel Hr Residency (Score: 0.50) | #9 The Own Stay (Score: 0.50) | #10 Roomshala 139 Hotel Rose Inn (Score: 0.50)
Q054,luxury stay with complimentary buffet breakfast,Natural Language,Free Breakfast,"breakfast=true, budget=luxury",http://localhost:8000/recommend?query=luxury+stay+with+complimentary+buffet+breakfast,"{""query"": ""luxury stay with complimentary buffet breakfast"", ""max_results"": 10}","{""hard"": {}, ""soft"": {""budget_category"": ""luxury"", ""amenities"": ""Breakfast""}}",Multi-Channel Hybrid Retrieval,50,"#1 Sunbird Resorts (Score: 0.70) | #2 Hotel Jairose Palace | Best Business Hotel In Faridabad | Near Asian & Metro Hospital (Score: 0.69) | #3 Radisson Blu Hotel, Faridabad (Score: 0.69) | #4 Fortune Park, East Delhi - Member Itc Hotels' Group (Score: 0.67) | #5 Hotel Viva Palace (Score: 0.67) | #6 The Lodgers Luxury Hotel Near Golf Course Road Gurgaon (Score: 0.66) | #7 The Leela Ambience Convention Hotel Delhi (Score: 0.64) | #8 Radisson Blu Plaza Hotel, Delhi Airport (Score: 0.64) | #9 Radisson Blu Towers Kaushambi Delhi Ncr (Score: 0.62) | #10 Hilton Gurugram Baani City Centre (Score: 0.62)"
Q055,cheap room with free morning breakfast gurugram,Natural Language,Free Breakfast,"breakfast=true, budget=budget, area=gurugram",http://localhost:8000/recommend?query=cheap+room+with+free+morning+breakfast+gurugram,"{""query"": ""cheap room with free morning breakfast gurugram"", ""max_results"": 10}","{""hard"": {""area"": ""Gurugram""}, ""soft"": {""budget_category"": ""budget"", ""amenities"": ""Breakfast""}}",Multi-Channel Hybrid Retrieval,50,"#1 Holiday Inn Gurugram Sector 90 By Ihg (Score: 0.78) | #2 Crs Inn - Hotels In Gurgaon (Score: 0.77) | #3 Royal Residence 266 (Score: 0.72) | #4 Hotel Mavens House (Score: 0.71) | #5 Hotel O J M K Hotel (Score: 0.71) | #6 Fabhotel Altus - Hotel In Dlf Phase 2, Gurgaon (Score: 0.68) | #7 Hotel Windsor Castle (Score: 0.68) | #8 Royal Residence A69 (Score: 0.66) | #9 Starex Inn Hotel & Service Appartment (Score: 0.65) | #10 Rsk Crown Plaza (Score: 0.65)"
Q056,stay near cyber city including breakfast,Natural Language,Free Breakfast,"breakfast=true, area=gurugram",http://localhost:8000/recommend?query=stay+near+cyber+city+including+breakfast,"{""query"": ""stay near cyber city including breakfast"", ""max_results"": 10}","{""hard"": {}, ""soft"": {""amenities"": ""Breakfast""}}",Multi-Channel Hybrid Retrieval,50,"#1 Five Elements Hotels - Delhi (Hotel North Avenue) (Score: 0.60) | #2 Nearmi Boutique Hotel & Cafe Sector 47 (Score: 0.59) | #3 Hideaway Bed And Breakfast (Score: 0.58) | #4 Ava Hotels And Corporates Millennium City (Score: 0.57) | #5 Fabhotel La Paz Stay - Hotel In Malviya Nagar, New Delhi (Score: 0.57) | #6 Urban Oasis (Score: 0.57) | #7 Park Inn By Radisson New Delhi Ip Extension (Score: 0.57) | #8 Radisson Blu Plaza Hotel, Delhi Airport (Score: 0.56) | #9 Hilton Gurugram Baani City Centre (Score: 0.55) | #10 Urban Retreat (Score: 0.54)"
Q057,stays with free high speed wifi in gurugram,Natural Language,Free WiFi,"wifi=true, area=gurugram",http://localhost:8000/recommend?query=stays+with+free+high+speed+wifi+in+gurugram,"{""query"": ""stays with free high speed wifi in gurugram"", ""max_results"": 10}","{""hard"": {""area"": ""Gurugram""}, ""soft"": {""aspects"": ""wifi"", ""amenities"": ""Free Wi-Fi""}}",Multi-Channel Hybrid Retrieval,50,"#1 Holiday Inn Gurugram Sector 90 By Ihg (Score: 0.68) | #2 Crs Inn - Hotels In Gurgaon (Score: 0.63) | #3 Grand Hyatt Gurgaon (Score: 0.61) | #4 Evergreen Resort Aravali (Score: 0.61) | #5 Hotel Mavens House (Score: 0.61) | #6 Hays Air By Ahuja Residences (Score: 0.60) | #7 Lime Tree Hotel Pulkit Gurgaon Artemis Hospital, Nearest Millennium City Centre Metro Station (Score: 0.59) | #8 Royal Residence 266 (Score: 0.58) | #9 Grand Mantram Resort (Score: 0.58) | #10 Doubletree By Hilton Hotel Gurgaon - New Delhi Ncr (Score: 0.57)"
Q058,business travel hotel with free internet delhi,Natural Language,Free WiFi,"wifi=true, area=delhi",http://localhost:8000/recommend?query=business+travel+hotel+with+free+internet+delhi,"{""query"": ""business travel hotel with free internet delhi"", ""max_results"": 10}","{""hard"": {""area"": ""Delhi NCR""}, ""soft"": {""travel_purpose"": ""business""}}",Multi-Channel Hybrid Retrieval,50,#1 Hotel View - A Boutique Hotel (Score: 0.58) | #2 Travellers Hotel (Score: 0.56) | #3 Hotel O 24 Seven Stay (Score: 0.54) | #4 Park Inn By Radisson New Delhi Ip Extension (Score: 0.52) | #5 Homestay Near Isbt Kashmiri Gate & Metro | Private Rooms & Dorms (Score: 0.52) | #6 Hotel Metro View (Score: 0.52) | #7 Hotel Hr Residency (Score: 0.52) | #8 Hotel Down Town (Score: 0.52) | #9 The Own Stay (Score: 0.51) | #10 Urban Retreat (Score: 0.51)
Q059,budget stay with free wifi for work from home,Natural Language,Free WiFi,"wifi=true, budget=budget",http://localhost:8000/recommend?query=budget+stay+with+free+wifi+for+work+from+home,"{""query"": ""budget stay with free wifi for work from home"", ""max_results"": 10}","{""hard"": {}, ""soft"": {""budget_category"": ""budget"", ""aspects"": ""wifi"", ""amenities"": ""Free Wi-Fi""}}",Multi-Channel Hybrid Retrieval,50,#1 Homestay Near Isbt Kashmiri Gate & Metro | Private Rooms & Dorms (Score: 0.71) | #2 Garvik Stay (Score: 0.70) | #3 Gilmore Stays | Homestay | (Score: 0.69) | #4 Hotel Rajhans - Budget Hotel In Gurugram (Score: 0.68) | #5 Hotel Walk Inn (Score: 0.67) | #6 Sky Inn By Twamev (Score: 0.67) | #7 Green Lotus La Wisteria Inn (Score: 0.66) | #8 Hotel O Smart Stay Hotel (Score: 0.65) | #9 Oyo Home Rd Guest House Near Najafgarh Metro Station (Score: 0.65) | #10 Ace Stayz Sector55 Gurugram (Score: 0.65)
Q060,hotel with robust wifi in manesar NCR,Natural Language,Free WiFi,"wifi=true, area=manesar",http://localhost:8000/recommend?query=hotel+with+robust+wifi+in+manesar+NCR,"{""query"": ""hotel with robust wifi in manesar NCR"", ""max_results"": 10}","{""hard"": {""area"": ""Manesar,Ncr""}, ""soft"": {""aspects"": ""wifi"", ""amenities"": ""Free Wi-Fi""}}",Multi-Channel Hybrid Retrieval,50,"#1 Jps Palm Inn (Score: 0.55) | #2 Four Square (Score: 0.54) | #3 Hotel Sai Village 281 (Score: 0.54) | #4 Hotel Sk Residency (Score: 0.52) | #5 Fabexpress Next Home (Score: 0.52) | #6 Raj Residency Guest House (Score: 0.51) | #7 Hotel Heaven (Score: 0.50) | #8 Istay Serenity Villa Manesar (Score: 0.50) | #9 Hotel Gurugram Manesar (Score: 0.49) | #10 Treebo Sai Village, Manesar (Score: 0.49)"
Q061,hotels with indoor swimming pool in gurugram,Natural Language,Swimming Pool,"pool=true, area=gurugram",http://localhost:8000/recommend?query=hotels+with+indoor+swimming+pool+in+gurugram,"{""query"": ""hotels with indoor swimming pool in gurugram"", ""max_results"": 10}","{""hard"": {""area"": ""Gurugram""}, ""soft"": {""aspects"": ""pool"", ""amenities"": ""Pool""}}",Multi-Channel Hybrid Retrieval,50,"#1 Royal Residence A69 (Score: 0.76) | #2 Evergreen Resort Aravali (Score: 0.73) | #3 Crs Inn - Hotels In Gurgaon (Score: 0.70) | #4 Holiday Inn Gurugram Sector 90 By Ihg (Score: 0.68) | #5 Hotel O J M K Hotel (Score: 0.64) | #6 Hotel Mavens House (Score: 0.63) | #7 Doubletree By Hilton Hotel Gurgaon - New Delhi Ncr (Score: 0.61) | #8 Grand Mantram Resort (Score: 0.61) | #9 Lime Tree Hotel Pulkit Gurgaon Artemis Hospital, Nearest Millennium City Centre Metro Station (Score: 0.60) | #10 Hotel Windsor Castle (Score: 0.60)"
Q062,luxury hotel with outdoor pool delhi,Natural Language,Swimming Pool,"pool=true, budget=luxury, area=delhi",http://localhost:8000/recommend?query=luxury+hotel+with+outdoor+pool+delhi,"{""query"": ""luxury hotel with outdoor pool delhi"", ""max_results"": 10}","{""hard"": {""area"": ""Delhi NCR""}, ""soft"": {""budget_category"": ""luxury"", ""aspects"": ""pool"", ""amenities"": ""Pool""}}",Multi-Channel Hybrid Retrieval,50,"#1 Fortune Park, East Delhi - Member Itc Hotels' Group (Score: 0.69) | #2 Urban Retreat (Score: 0.67) | #3 Park Inn By Radisson New Delhi Ip Extension (Score: 0.67) | #4 Hotel Sunshine By The Premium Villa (Score: 0.64) | #5 Hotel Sunlight (Score: 0.64) | #6 Club Platinum Resort (Score: 0.64) | #7 Hotel Hr Residency (Score: 0.63) | #8 Hotel Sarthak Palace, Karol Bagh, Delhi (Score: 0.63) | #9 Hotel View - A Boutique Hotel (Score: 0.63) | #10 Hotel Hr Residency (Score: 0.62)"
Q063,resorts with kids swimming pool manesar,Natural Language,Swimming Pool,"pool=true, area=manesar",http://localhost:8000/recommend?query=resorts+with+kids+swimming+pool+manesar,"{""query"": ""resorts with kids swimming pool manesar"", ""max_results"": 10}","{""hard"": {""area"": ""Manesar""}, ""soft"": {""aspects"": ""pool"", ""amenities"": ""Pool""}}",Multi-Channel Hybrid Retrieval,50,"#1 Fabexpress Next Home (Score: 0.77) | #2 Hotel Gurugram Manesar (Score: 0.72) | #3 Komal Residency (Score: 0.70) | #4 Heritage Village Resort & Spa, Manesar (Score: 0.70) | #5 Savoy Suites, Manesar (Score: 0.69) | #6 Istay Serenity Villa Manesar (Score: 0.69) | #7 The Tomo Inn (Score: 0.69) | #8 Misaki Manrsar (Score: 0.68) | #9 Hotel Sai Village 281 (Score: 0.65) | #10 Jps Palm Inn (Score: 0.64)"
Q064,rooftop swimming pool hotels NCR,Natural Language,Swimming Pool,pool=true,http://localhost:8000/recommend?query=rooftop+swimming+pool+hotels+NCR,"{""query"": ""rooftop swimming pool hotels NCR"", ""max_results"": 10}","{""hard"": {""area"": ""Ncr""}, ""soft"": {""aspects"": ""pool"", ""amenities"": ""Pool""}}",Multi-Channel Hybrid Retrieval,50,
Q065,hotels with fully equipped gym or fitness center,Natural Language,Fitness Gym,gym=true,http://localhost:8000/recommend?query=hotels+with+fully+equipped+gym+or+fitness+center,"{""query"": ""hotels with fully equipped gym or fitness center"", ""max_results"": 10}","{""hard"": {}, ""soft"": {""amenities"": ""Gym""}}",Multi-Channel Hybrid Retrieval,50,"#1 Hotel Ashiyana Elite, Near Golf Course Road (Score: 0.56) | #2 Hotel Golf View Suites (Score: 0.55) | #3 Hotel Resto Relax (Score: 0.55) | #4 Hotel C Park Inn (Score: 0.54) | #5 Golf Luxury (Score: 0.54) | #6 Zen Suites - Gurgaon (Score: 0.54) | #7 Hotel Omega (Score: 0.54) | #8 Hotel 91 Golf Course Road (Score: 0.54) | #9 Hotel A.P Residency (Score: 0.54) | #10 Hotel Elite Oak (Score: 0.53)"
Q066,luxury stay with 24 hour gym gurugram,Natural Language,Fitness Gym,"gym=true, budget=luxury, area=gurugram",http://localhost:8000/recommend?query=luxury+stay+with+24+hour+gym+gurugram,"{""query"": ""luxury stay with 24 hour gym gurugram"", ""max_results"": 10}","{""hard"": {""area"": ""Gurugram""}, ""soft"": {""budget_category"": ""luxury"", ""amenities"": ""Gym""}}",Multi-Channel Hybrid Retrieval,50,"#1 Holiday Inn Gurugram Sector 90 By Ihg (Score: 0.80) | #2 Grand Mantram Resort (Score: 0.76) | #3 Grand Hyatt Gurgaon (Score: 0.76) | #4 Evergreen Resort Aravali (Score: 0.74) | #5 Doubletree By Hilton Hotel Gurgaon - New Delhi Ncr (Score: 0.74) | #6 Lime Tree Hotel Pulkit Gurgaon Artemis Hospital, Nearest Millennium City Centre Metro Station (Score: 0.70) | #7 Hotel O J M K Hotel (Score: 0.68) | #8 Hotel Mavens White - Near Artemis Hospital (Score: 0.68) | #9 Rangmanch Resort (Score: 0.67) | #10 Fabhotel Rr Residency - Hotel In Dlf Phase 2, Gurgaon (Score: 0.67)"
Q067,business hotel with gym in aerocity delhi,Natural Language,Fitness Gym,"gym=true, area=aerocity",http://localhost:8000/recommend?query=business+hotel+with+gym+in+aerocity+delhi,"{""query"": ""business hotel with gym in aerocity delhi"", ""max_results"": 10}","{""hard"": {""area"": ""Aerocity,Delhi NCR""}, ""soft"": {""travel_purpose"": ""business"", ""amenities"": ""Gym""}}",Multi-Channel Hybrid Retrieval,50,"#1 Hotel Aerostar Grand (Score: 0.60) | #2 Ibis New Delhi Aerocity (Score: 0.59) | #3 Fortune Park, East Delhi - Member Itc Hotels' Group (Score: 0.51) | #4 Homestay Near Isbt Kashmiri Gate & Metro | Private Rooms & Dorms (Score: 0.45) | #5 Holiday Inn New Delhi Mayur Vihar Noida, An Ihg Hotel (Score: 0.37)"
Q068,fitness friendly hotels near cyber hub,Natural Language,Fitness Gym,"gym=true, area=gurugram",http://localhost:8000/recommend?query=fitness+friendly+hotels+near+cyber+hub,"{""query"": ""fitness friendly hotels near cyber hub"", ""max_results"": 10}","{""hard"": {}, ""soft"": {}}",Multi-Channel Hybrid Retrieval,50,"#1 Radisson Blu Plaza Hotel, Delhi Airport (Score: 0.54) | #2 Holiday Inn New Delhi Int'L Airport, An Ihg Hotel (Score: 0.53) | #3 Limewood Signature - Near Golf Course Road (Score: 0.48) | #4 Hotel D K Residency (Score: 0.47) | #5 Pullman New Delhi Aerocity (Score: 0.45) | #6 Flora Residency (Score: 0.45) | #7 Pride Plaza Aerocity (Score: 0.43) | #8 Taj Palace, New Delhi (Score: 0.40)"
Q069,hotels with spa massage and wellness center,Natural Language,Spa Wellness,spa=true,http://localhost:8000/recommend?query=hotels+with+spa+massage+and+wellness+center,"{""query"": ""hotels with spa massage and wellness center"", ""max_results"": 10}","{""hard"": {}, ""soft"": {""amenities"": ""Spa""}}",Multi-Channel Hybrid Retrieval,50,#1 Zen Suites - Gurgaon (Score: 0.61) | #2 Golf Luxury (Score: 0.59) | #3 Corporate Stays -Suncity (Score: 0.59) | #4 Urban Oasis (Score: 0.58) | #5 Hotel Hsp Suites (Score: 0.58) | #6 Hotel Mavens House (Score: 0.57) | #7 Comfort Inn Dhaliwals Gurgaon (Score: 0.57) | #8 Hotel Sunshine By The Premium Villa (Score: 0.57) | #9 The Angel Hotel & Suites Near Medanta (Score: 0.57) | #10 The Lodgers Hotel - Hotel Near Medanta Medicity Sector 38 (Score: 0.56)
Q070,luxury spa resorts near manesar,Natural Language,Spa Wellness,"spa=true, budget=luxury, area=manesar",http://localhost:8000/recommend?query=luxury+spa+resorts+near+manesar,"{""query"": ""luxury spa resorts near manesar"", ""max_results"": 10}","{""hard"": {""area"": ""Manesar""}, ""soft"": {""budget_category"": ""luxury"", ""amenities"": ""Spa""}}",Multi-Channel Hybrid Retrieval,50,"#1 Heritage Village Resort & Spa, Manesar (Score: 0.85) | #2 Hotel Gurugram Manesar (Score: 0.84) | #3 Komal Residency (Score: 0.80) | #4 Savoy Suites, Manesar (Score: 0.79) | #5 Dayal Regency Manesar (Score: 0.76) | #6 Ginger Manesar (Score: 0.74) | #7 Hotel Manesar (Score: 0.72) | #8 Hotel Sai Village 281 (Score: 0.72) | #9 Hotel Sk Residency (Score: 0.68) | #10 Fabexpress Next Home (Score: 0.67)"
Q071,5 star hotel with wellness spa and pool delhi,Natural Language,Spa Wellness,"spa=true, pool=true, budget=luxury, area=delhi",http://localhost:8000/recommend?query=5+star+hotel+with+wellness+spa+and+pool+delhi,"{""query"": ""5 star hotel with wellness spa and pool delhi"", ""max_results"": 10}","{""hard"": {""area"": ""Delhi NCR""}, ""soft"": {""aspects"": ""pool"", ""amenities"": ""Pool,Spa""}}",Multi-Channel Hybrid Retrieval,50,#1 Urban Retreat (Score: 0.60) | #2 Rich Star Guest House (Score: 0.53) | #3 Hotel Hr Residency (Score: 0.52) | #4 Divine Inn Hotel Rajouri Garden (Score: 0.52) | #5 Hotel Resto Relax (Score: 0.52) | #6 Hotel 7 Star (Score: 0.52) | #7 Hotel O 24 Seven Stay (Score: 0.51) | #8 Hotel Hr Residency (Score: 0.51) | #9 Hotel Sunshine By The Premium Villa (Score: 0.50) | #10 Hotel Aerostar Grand (Score: 0.50)
Q072,relaxing stay with sauna and steam room gurugram,Natural Language,Spa Wellness,"spa=true, area=gurugram",http://localhost:8000/recommend?query=relaxing+stay+with+sauna+and+steam+room+gurugram,"{""query"": ""relaxing stay with sauna and steam room gurugram"", ""max_results"": 10}","{""hard"": {""area"": ""Gurugram""}, ""soft"": {}}",Multi-Channel Hybrid Retrieval,50,"#1 Holiday Inn Gurugram Sector 90 By Ihg (Score: 0.67) | #2 Hotel Mavens House (Score: 0.62) | #3 Lime Tree Hotel Pulkit Gurgaon Artemis Hospital, Nearest Millennium City Centre Metro Station (Score: 0.59) | #4 Collection O Hotel Cambridge (Score: 0.59) | #5 Grand Hyatt Gurgaon (Score: 0.59) | #6 Doubletree By Hilton Hotel Gurgaon - New Delhi Ncr (Score: 0.58)"
Q073,hotels with free private parking on site,Natural Language,Free Parking,parking=true,http://localhost:8000/recommend?query=hotels+with+free+private+parking+on+site,"{""query"": ""hotels with free private parking on site"", ""max_results"": 10}","{""hard"": {}, ""soft"": {""aspects"": ""parking"", ""amenities"": ""Parking""}}",Multi-Channel Hybrid Retrieval,50,"#1 Park Inn By Radisson New Delhi Ip Extension (Score: 0.60) | #2 The Park (Score: 0.56) | #3 Aapnoghar (Resort, Water Park, Amusement Park) (Score: 0.55) | #4 Limewood Stay | Unitech Cyber Park (Score: 0.54) | #5 The J K Hotel C R Park (Score: 0.54) | #6 Comfy Stay Hotels (Score: 0.53) | #7 Corporate Stays -Suncity (Score: 0.53) | #8 Sk Premium Park (Score: 0.53) | #9 Saltstayz Select - Unitech Cyber Park (Score: 0.52) | #10 Hotel C Park Inn (Score: 0.52)"
Q074,secure car parking hotels in delhi,Natural Language,Free Parking,"parking=true, area=delhi",http://localhost:8000/recommend?query=secure+car+parking+hotels+in+delhi,"{""query"": ""secure car parking hotels in delhi"", ""max_results"": 10}","{""hard"": {""area"": ""Delhi NCR""}, ""soft"": {""aspects"": ""parking"", ""amenities"": ""Parking""}}",Multi-Channel Hybrid Retrieval,50,"#1 Park Inn By Radisson New Delhi Ip Extension (Score: 0.61) | #2 Hotel C Park Inn (Score: 0.60) | #3 Urban Retreat (Score: 0.58) | #4 Hotel View - A Boutique Hotel (Score: 0.58) | #5 Hotel Hr Residency (Score: 0.58) | #6 Green Orbit Hotel (Score: 0.57) | #7 Hotel Hr Residency (Score: 0.56) | #8 Travellers Hotel (Score: 0.56) | #9 Fortune Park, East Delhi - Member Itc Hotels' Group (Score: 0.52) | #10 Hotel Metro View (Score: 0.51)"
Q075,budget hotel with free parking gurugram,Natural Language,Free Parking,"parking=true, budget=budget, area=gurugram",http://localhost:8000/recommend?query=budget+hotel+with+free+parking+gurugram,"{""query"": ""budget hotel with free parking gurugram"", ""max_results"": 10}","{""hard"": {""area"": ""Gurugram""}, ""soft"": {""budget_category"": ""budget"", ""aspects"": ""parking"", ""amenities"": ""Parking""}}",Multi-Channel Hybrid Retrieval,50,"#1 Crs Inn - Hotels In Gurgaon (Score: 0.85) | #2 Fabhotel Altus - Hotel In Dlf Phase 2, Gurgaon (Score: 0.74) | #3 Hotel O J M K Hotel (Score: 0.74) | #4 Fabhotel Rr Residency - Hotel In Dlf Phase 2, Gurgaon (Score: 0.73) | #5 Hays Air By Ahuja Residences (Score: 0.72) | #6 Hotel Mavens House (Score: 0.70) | #7 Lime Tree Hotel Pulkit Gurgaon Artemis Hospital, Nearest Millennium City Centre Metro Station (Score: 0.70) | #8 Holiday Inn Gurugram Sector 90 By Ihg (Score: 0.70) | #9 Hotel Windsor Castle (Score: 0.69) | #10 The Trot Hotel & Suites (Score: 0.67)"
Q076,resorts with valet parking near manesar,Natural Language,Free Parking,"parking=true, area=manesar",http://localhost:8000/recommend?query=resorts+with+valet+parking+near+manesar,"{""query"": ""resorts with valet parking near manesar"", ""max_results"": 10}","{""hard"": {""area"": ""Manesar""}, ""soft"": {""aspects"": ""parking"", ""amenities"": ""Parking""}}",Multi-Channel Hybrid Retrieval,50,"#1 Komal Residency (Score: 0.71) | #2 Treebo Sai Village, Manesar (Score: 0.65) | #3 Ginger Manesar (Score: 0.65) | #4 Hotel O By Oyo Chawla'S Hotel & Restaurant (Score: 0.65) | #5 Hotel Rbs Inn (Score: 0.58)"
Q077,pet friendly hotels in delhi NCR for dogs,Natural Language,Pet Friendly,pets=true,http://localhost:8000/recommend?query=pet+friendly+hotels+in+delhi+NCR+for+dogs,"{""query"": ""pet friendly hotels in delhi NCR for dogs"", ""max_results"": 10}","{""hard"": {""area"": ""Delhi Ncr,Delhi NCR,Ncr""}, ""soft"": {}}",Multi-Channel Hybrid Retrieval,50,"#1 Homestay Near Isbt Kashmiri Gate & Metro | Private Rooms & Dorms (Score: 0.58) | #2 Fortune Park, East Delhi - Member Itc Hotels' Group (Score: 0.50) | #3 Hotel Aerostar Grand (Score: 0.45) | #4 Ibis New Delhi Aerocity (Score: 0.37)"
Q078,dog friendly stays in gurugram with lawn,Natural Language,Pet Friendly,"pets=true, area=gurugram",http://localhost:8000/recommend?query=dog+friendly+stays+in+gurugram+with+lawn,"{""query"": ""dog friendly stays in gurugram with lawn"", ""max_results"": 10}","{""hard"": {""area"": ""Gurugram""}, ""soft"": {}}",Multi-Channel Hybrid Retrieval,50,"#1 Holiday Inn Gurugram Sector 90 By Ihg (Score: 0.70) | #2 Grand Hyatt Gurgaon (Score: 0.63) | #3 Lime Tree Hotel Pulkit Gurgaon Artemis Hospital, Nearest Millennium City Centre Metro Station (Score: 0.58) | #4 Hotel Mavens House (Score: 0.57) | #5 Doubletree By Hilton Hotel Gurgaon - New Delhi Ncr (Score: 0.56) | #6 Collection O Hotel Cambridge (Score: 0.55)"
Q079,resorts near manesar allowing pets,Natural Language,Pet Friendly,"pets=true, area=manesar",http://localhost:8000/recommend?query=resorts+near+manesar+allowing+pets,"{""query"": ""resorts near manesar allowing pets"", ""max_results"": 10}","{""hard"": {""area"": ""Manesar""}, ""soft"": {}}",Multi-Channel Hybrid Retrieval,50,"#1 Hotel Gurugram Manesar (Score: 0.76) | #2 Savoy Suites, Manesar (Score: 0.71) | #3 Heritage Village Resort & Spa, Manesar (Score: 0.69) | #4 Hotel O V2 Stay (Score: 0.60) | #5 Hotel Sk Residency (Score: 0.60) | #6 The Tomo Inn (Score: 0.54) | #7 Four Square (Score: 0.49)"
Q080,luxury stay allowing cats and pets delhi,Natural Language,Pet Friendly,"pets=true, budget=luxury, area=delhi",http://localhost:8000/recommend?query=luxury+stay+allowing+cats+and+pets+delhi,"{""query"": ""luxury stay allowing cats and pets delhi"", ""max_results"": 10}","{""hard"": {""area"": ""Delhi NCR""}, ""soft"": {""budget_category"": ""luxury""}}",Multi-Channel Hybrid Retrieval,50,"#1 Fortune Park, East Delhi - Member Itc Hotels' Group (Score: 0.64) | #2 Rich Star Guest House (Score: 0.60) | #3 Anantam Farm Delhi (Score: 0.52) | #4 Hotel Aerostar Grand (Score: 0.50) | #5 Ibis New Delhi Aerocity (Score: 0.45) | #6 Homestay Near Isbt Kashmiri Gate & Metro | Private Rooms & Dorms (Score: 0.02)"
Q081,quiet hotels away from noise in delhi,Natural Language,Quiet Hotel,"quiet=true, area=delhi",http://localhost:8000/recommend?query=quiet+hotels+away+from+noise+in+delhi,"{""query"": ""quiet hotels away from noise in delhi"", ""max_results"": 10}","{""hard"": {""area"": ""Delhi NCR""}, ""soft"": {}}",Multi-Channel Hybrid Retrieval,50,"#1 Hotel Hr Residency (Score: 0.52) | #2 Ibis New Delhi Aerocity (Score: 0.44) | #3 Rich Star Guest House (Score: 0.43) | #4 Homestay Near Isbt Kashmiri Gate & Metro | Private Rooms & Dorms (Score: 0.43) | #5 Hotel Aerostar Grand (Score: 0.39) | #6 Fortune Park, East Delhi - Member Itc Hotels' Group (Score: 0.38)"
Q082,peaceful resort in green area manesar,Natural Language,Quiet Hotel,"quiet=true, area=manesar",http://localhost:8000/recommend?query=peaceful+resort+in+green+area+manesar,"{""query"": ""peaceful resort in green area manesar"", ""max_results"": 10}","{""hard"": {""area"": ""Manesar""}, ""soft"": {""amenities"": ""Air Conditioning""}}",Multi-Channel Hybrid Retrieval,50,"#1 Fabexpress Next Home (Score: 0.79) | #2 Hotel Gurugram Manesar (Score: 0.77) | #3 Savoy Suites, Manesar (Score: 0.71) | #4 Dayal Regency Manesar (Score: 0.71) | #5 Istay Serenity Villa Manesar (Score: 0.70) | #6 Heritage Village Resort & Spa, Manesar (Score: 0.69) | #7 Misaki Manrsar (Score: 0.68) | #8 Hotel Sai Village 281 (Score: 0.68) | #9 Treebo Sai Village, Manesar (Score: 0.67) | #10 Pg Jmr Homes (Score: 0.67)"
Q083,soundproof rooms hotels near delhi airport,Natural Language,Quiet Hotel,"quiet=true, area=airport",http://localhost:8000/recommend?query=soundproof+rooms+hotels+near+delhi+airport,"{""query"": ""soundproof rooms hotels near delhi airport"", ""max_results"": 10}","{""hard"": {""area"": ""Airport,Delhi NCR""}, ""soft"": {}}",Multi-Channel Hybrid Retrieval,50,"#1 Homestay Near Isbt Kashmiri Gate & Metro | Private Rooms & Dorms (Score: 0.58) | #2 Fortune Park, East Delhi - Member Itc Hotels' Group (Score: 0.53) | #3 Ibis New Delhi Aerocity (Score: 0.50) | #4 Hotel Aerostar Grand (Score: 0.45)"
Q084,calm and tranquil stay in gurugram,Natural Language,Quiet Hotel,"quiet=true, area=gurugram",http://localhost:8000/recommend?query=calm+and+tranquil+stay+in+gurugram,"{""query"": ""calm and tranquil stay in gurugram"", ""max_results"": 10}","{""hard"": {""area"": ""Gurugram""}, ""soft"": {}}",Multi-Channel Hybrid Retrieval,50,"#1 Holiday Inn Gurugram Sector 90 By Ihg (Score: 0.72) | #2 Lime Tree Hotel Pulkit Gurgaon Artemis Hospital, Nearest Millennium City Centre Metro Station (Score: 0.64) | #3 Grand Hyatt Gurgaon (Score: 0.64) | #4 Hotel Mavens House (Score: 0.57) | #5 Doubletree By Hilton Hotel Gurgaon - New Delhi Ncr (Score: 0.57) | #6 Collection O Hotel Cambridge (Score: 0.52)"
Q085,boutique design hotels in delhi NCR,Natural Language,Boutique Stay,boutique=true,http://localhost:8000/recommend?query=boutique+design+hotels+in+delhi+NCR,"{""query"": ""boutique design hotels in delhi NCR"", ""max_results"": 10}","{""hard"": {""area"": ""Delhi Ncr,Delhi NCR,Ncr""}, ""soft"": {}}",Multi-Channel Hybrid Retrieval,50,"#1 Hotel Aerostar Grand (Score: 0.63) | #2 Fortune Park, East Delhi - Member Itc Hotels' Group (Score: 0.54) | #3 Homestay Near Isbt Kashmiri Gate & Metro | Private Rooms & Dorms (Score: 0.53) | #4 Ibis New Delhi Aerocity (Score: 0.47)"
Q086,heritage style hotel stays delhi,Natural Language,Boutique Stay,"boutique=true, area=delhi",http://localhost:8000/recommend?query=heritage+style+hotel+stays+delhi,"{""query"": ""heritage style hotel stays delhi"", ""max_results"": 10}","{""hard"": {""area"": ""Delhi NCR""}, ""soft"": {}}",Multi-Channel Hybrid Retrieval,50,"#1 Hotel Hr Residency (Score: 0.55) | #2 Rich Star Guest House (Score: 0.50) | #3 Hotel Aerostar Grand (Score: 0.48) | #4 Homestay Near Isbt Kashmiri Gate & Metro | Private Rooms & Dorms (Score: 0.45) | #5 Fortune Park, East Delhi - Member Itc Hotels' Group (Score: 0.42) | #6 Ibis New Delhi Aerocity (Score: 0.42)"
Q087,charming unique stays gurugram,Natural Language,Boutique Stay,"boutique=true, area=gurugram",http://localhost:8000/recommend?query=charming+unique+stays+gurugram,"{""query"": ""charming unique stays gurugram"", ""max_results"": 10}","{""hard"": {""area"": ""Gurugram""}, ""soft"": {}}",Multi-Channel Hybrid Retrieval,50,"#1 Holiday Inn Gurugram Sector 90 By Ihg (Score: 0.71) | #2 Grand Hyatt Gurgaon (Score: 0.64) | #3 Lime Tree Hotel Pulkit Gurgaon Artemis Hospital, Nearest Millennium City Centre Metro Station (Score: 0.57) | #4 Hotel Mavens House (Score: 0.57) | #5 Doubletree By Hilton Hotel Gurgaon - New Delhi Ncr (Score: 0.56) | #6 Collection O Hotel Cambridge (Score: 0.55)"
Q088,aesthetic design rooms near cyber city,Natural Language,Boutique Stay,area=gurugram,http://localhost:8000/recommend?query=aesthetic+design+rooms+near+cyber+city,"{""query"": ""aesthetic design rooms near cyber city"", ""max_results"": 10}","{""hard"": {}, ""soft"": {}}",Multi-Channel Hybrid Retrieval,50,"#1 Radisson Blu Plaza Hotel, Delhi Airport (Score: 0.58) | #2 Taj Palace, New Delhi (Score: 0.50) | #3 Holiday Inn New Delhi Int'L Airport, An Ihg Hotel (Score: 0.49) | #4 Pride Plaza Aerocity (Score: 0.49) | #5 Hotel D K Residency (Score: 0.48) | #6 Pullman New Delhi Aerocity (Score: 0.47) | #7 Limewood Signature - Near Golf Course Road (Score: 0.43) | #8 Flora Residency (Score: 0.43)"
Q089,luxury business hotel in aerocity with pool gym spa and free breakfast,Natural Language,Complex Request,"budget=luxury, area=aerocity, pool=true, gym=true, spa=true, breakfast=true",http://localhost:8000/recommend?query=luxury+business+hotel+in+aerocity+with+pool+gym+spa+and+free+breakfast,"{""query"": ""luxury business hotel in aerocity with pool gym spa and free breakfast"", ""max_results"": 10}","{""hard"": {""area"": ""Aerocity""}, ""soft"": {""budget_category"": ""luxury"", ""travel_purpose"": ""business"", ""aspects"": ""pool"", ""amenities"": ""Breakfast,Pool,Gym,Spa""}}",Multi-Channel Hybrid Retrieval,50,"#1 Holiday Inn New Delhi Int'L Airport, An Ihg Hotel (Score: 0.87) | #2 Lemon Tree Hotel, Delhi Airport (Score: 0.72) | #3 Pullman New Delhi Aerocity (Score: 0.70) | #4 Pride Plaza Aerocity (Score: 0.69) | #5 Novotel New Delhi Aerocity (Score: 0.68)"
Q090,cheap budget hotel in gurugram with free wifi parking and pets allowed,Natural Language,Complex Request,"budget=budget, area=gurugram, wifi=true, parking=true, pets=true",http://localhost:8000/recommend?query=cheap+budget+hotel+in+gurugram+with+free+wifi+parking+and+pets+allowed,"{""query"": ""cheap budget hotel in gurugram with free wifi parking and pets allowed"", ""max_results"": 10}","{""hard"": {""area"": ""Gurugram""}, ""soft"": {""budget_category"": ""budget"", ""aspects"": ""wifi,parking"", ""amenities"": ""Free Wi-Fi,Parking""}}",Multi-Channel Hybrid Retrieval,50,"#1 Royal Residence 266 (Score: 0.89) | #2 Crs Inn - Hotels In Gurgaon (Score: 0.84) | #3 Royal Residence A69 (Score: 0.82) | #4 Hotel O J M K Hotel (Score: 0.72) | #5 Holiday Inn Gurugram Sector 90 By Ihg (Score: 0.72) | #6 Fabhotel Altus - Hotel In Dlf Phase 2, Gurgaon (Score: 0.71) | #7 Hotel Mavens House (Score: 0.70) | #8 Bougainvillea Farm By Under My Roof In Gurgaon | 3Bhk Pet & Budget Friendly Farm With Pool (Score: 0.69) | #9 Fabhotel Rr Residency - Hotel In Dlf Phase 2, Gurgaon (Score: 0.69) | #10 Lime Tree Hotel Pulkit Gurgaon Artemis Hospital, Nearest Millennium City Centre Metro Station (Score: 0.68)"
Q091,highly clean family resort near manesar with pool and kid playing park,Natural Language,Complex Request,"cleanliness>=4.5, family=true, area=manesar, pool=true",http://localhost:8000/recommend?query=highly+clean+family+resort+near+manesar+with+pool+and+kid+playing+park,"{""query"": ""highly clean family resort near manesar with pool and kid playing park"", ""max_results"": 10}","{""hard"": {""area"": ""Manesar""}, ""soft"": {""travel_purpose"": ""family"", ""aspects"": ""pool"", ""amenities"": ""Pool""}}",Multi-Channel Hybrid Retrieval,50,"#1 Fabexpress Next Home (Score: 0.76) | #2 Hotel Gurugram Manesar (Score: 0.72) | #3 Heritage Village Resort & Spa, Manesar (Score: 0.70) | #4 Istay Serenity Villa Manesar (Score: 0.69) | #5 Savoy Suites, Manesar (Score: 0.68) | #6 Dayal Regency Manesar (Score: 0.67) | #7 Treebo Sai Village, Manesar (Score: 0.67) | #8 Hotel Sai Village 281 (Score: 0.66) | #9 Jps Palm Inn (Score: 0.65) | #10 Hotel O By Oyo Chawla'S Hotel & Restaurant (Score: 0.64)"
Q092,safe couple friendly hotel in south delhi with bathtub and breakfast under 3000,Natural Language,Complex Request,"safe=true, couple=true, area=delhi, breakfast=true, budget=budget",http://localhost:8000/recommend?query=safe+couple+friendly+hotel+in+south+delhi+with+bathtub+and+breakfast+under+3000,"{""query"": ""safe couple friendly hotel in south delhi with bathtub and breakfast under 3000"", ""max_results"": 10}","{""hard"": {""area"": ""South Delhi,Delhi NCR""}, ""soft"": {""travel_purpose"": ""couple"", ""amenities"": ""Breakfast""}}",Multi-Channel Hybrid Retrieval,50,"#1 Radisson Blu Hotel, New Delhi Paschim Vihar (Score: 0.55) | #2 Vivanta New Delhi, Dwarka (Score: 0.53) | #3 Ibis New Delhi Aerocity (Score: 0.50) | #4 Holiday Inn New Delhi Mayur Vihar Noida, An Ihg Hotel (Score: 0.47)"
Q093,somewhere i can relax with my dog this weekend near nature,Natural Language,Ambiguous Request,"pets=true, weekend=true",http://localhost:8000/recommend?query=somewhere+i+can+relax+with+my+dog+this+weekend+near+nature,"{""query"": ""somewhere i can relax with my dog this weekend near nature"", ""max_results"": 10}","{""hard"": {}, ""soft"": {}}",Multi-Channel Hybrid Retrieval,50,"#1 Flora Residency (Score: 0.53) | #2 Hotel Season Couple Friendlly Near Pitampura Metro (Score: 0.48) | #3 Limewood Signature - Near Golf Course Road (Score: 0.47) | #4 Radisson Blu Plaza Hotel, Delhi Airport (Score: 0.44) | #5 Hotel D K Residency (Score: 0.44) | #6 Holiday Inn New Delhi Int'L Airport, An Ihg Hotel (Score: 0.43) | #7 Pride Plaza Aerocity (Score: 0.37) | #8 Pullman New Delhi Aerocity (Score: 0.37) | #9 Taj Palace, New Delhi (Score: 0.32)"
Q094,looking for a place to host a corporate seminar with 50 people,Natural Language,Conference facilities,conference=true,http://localhost:8000/recommend?query=looking+for+a+place+to+host+a+corporate+seminar+with+50+people,"{""query"": ""looking for a place to host a corporate seminar with 50 people"", ""max_results"": 10}","{""hard"": {}, ""soft"": {""amenities"": ""Air Conditioning""}}",Multi-Channel Hybrid Retrieval,50,"#1 Heistel Gurugram (Score: 0.59) | #2 360 Degree Hotel Near Medanta Hospital Rajiv Chowk Gurugram (Score: 0.58) | #3 Lemon Tree Premier, City Center, Gurugram (Score: 0.57) | #4 Hotel Bk Studios & Rooms (Score: 0.56) | #5 The Angel Hotel & Suites Near Medanta (Score: 0.56) | #6 Nearmi Boutique Hotel & Cafe Sector 47 (Score: 0.56) | #7 The Lodgers Hotel - Hotel Near Medanta Medicity Sector 38 (Score: 0.56) | #8 Ava Hotels And Corporates Millennium City (Score: 0.56) | #9 Hotel Corporate Guest House (Score: 0.56) | #10 Lemon Tree Premier, Leisure Valley 2, Gurugram (Score: 0.55)"
Q095,wheelchair accessible hotel in delhi with lift,Natural Language,Accessibility features,"accessible=true, area=delhi",http://localhost:8000/recommend?query=wheelchair+accessible+hotel+in+delhi+with+lift,"{""query"": ""wheelchair accessible hotel in delhi with lift"", ""max_results"": 10}","{""hard"": {""area"": ""Delhi NCR""}, ""soft"": {""amenities"": ""Air Conditioning""}}",Multi-Channel Hybrid Retrieval,50,#1 Urban Retreat (Score: 0.60) | #2 Hotel Hr Residency (Score: 0.57) | #3 Park Inn By Radisson New Delhi Ip Extension (Score: 0.57) | #4 Hotel Hr Residency (Score: 0.55) | #5 Skylink Suites (Score: 0.54) | #6 Travellers Hotel (Score: 0.53) | #7 Green Orbit Hotel (Score: 0.52) | #8 Hotel Metro View (Score: 0.51) | #9 Hotel View - A Boutique Hotel (Score: 0.50) | #10 Hotel C Park Inn (Score: 0.50)
Q096,hotel that has absolutely perfect score and costs nothing,Natural Language,Impossible Query,"rating=5.0, budget=budget",http://localhost:8000/recommend?query=hotel+that+has+absolutely+perfect+score+and+costs+nothing,"{""query"": ""hotel that has absolutely perfect score and costs nothing"", ""max_results"": 10}","{""hard"": {}, ""soft"": {}}",Multi-Channel Hybrid Retrieval,50,"#1 Hotel D K Residency (Score: 0.49) | #2 Radisson Blu Plaza Hotel, Delhi Airport (Score: 0.49) | #3 Holiday Inn New Delhi Int'L Airport, An Ihg Hotel (Score: 0.46) | #4 Flora Residency (Score: 0.44) | #5 Limewood Signature - Near Golf Course Road (Score: 0.43) | #6 Pride Plaza Aerocity (Score: 0.36) | #7 Pullman New Delhi Aerocity (Score: 0.35) | #8 Taj Palace, New Delhi (Score: 0.32)"
Q097,luxry hotl in dehl,Natural Language,Misspelled Query,"budget=luxury, area=delhi",http://localhost:8000/recommend?query=luxry+hotl+in+dehl,"{""query"": ""luxry hotl in dehl"", ""max_results"": 10}","{""hard"": {}, ""soft"": {}}",Multi-Channel Hybrid Retrieval,50,"#1 Radisson Blu Plaza Hotel, Delhi Airport (Score: 0.58) | #2 Hotel D K Residency (Score: 0.52) | #3 Flora Residency (Score: 0.49) | #4 Holiday Inn New Delhi Int'L Airport, An Ihg Hotel (Score: 0.47) | #5 Limewood Signature - Near Golf Course Road (Score: 0.44) | #6 Taj Palace, New Delhi (Score: 0.43) | #7 Pullman New Delhi Aerocity (Score: 0.42) | #8 Pride Plaza Aerocity (Score: 0.31)"
Q098,stays with morning meal and high speed web in gurgaon,Natural Language,Synonym Search,"breakfast=true, wifi=true, area=gurugram",http://localhost:8000/recommend?query=stays+with+morning+meal+and+high+speed+web+in+gurgaon,"{""query"": ""stays with morning meal and high speed web in gurgaon"", ""max_results"": 10}","{""hard"": {""area"": ""Gurugram""}, ""soft"": {}}",Multi-Channel Hybrid Retrieval,50,"#1 Grand Hyatt Gurgaon (Score: 0.76) | #2 Doubletree By Hilton Hotel Gurgaon - New Delhi Ncr (Score: 0.69) | #3 Lime Tree Hotel Pulkit Gurgaon Artemis Hospital, Nearest Millennium City Centre Metro Station (Score: 0.69) | #4 Holiday Inn Gurugram Sector 90 By Ihg (Score: 0.61) | #5 Hotel Mavens House (Score: 0.61) | #6 Collection O Hotel Cambridge (Score: 0.54)"
Q099,Hotels with excellent value ratings in Faridabad,Natural Language,Faridabad Value Query,"value>=4.5, area=faridabad",http://localhost:8000/recommend?query=Hotels+with+excellent+value+ratings+in+Faridabad,"{""query"": ""Hotels with excellent value ratings in Faridabad"", ""max_results"": 10}","{""hard"": {""area"": ""Faridabad""}, ""soft"": {""aspects"": ""value""}}",Multi-Channel Hybrid Retrieval,50,#1 Lavit Hotel (Score: 0.61)
Q100,trust 75 area pataudi review 24 cleanliness 2.5,Natural Language,Edge Query,"trust>=75, area=pataudi, reviews>=24, cleanliness>=2.5",http://localhost:8000/recommend?query=trust+75+area+pataudi+review+24+cleanliness+2.5,"{""query"": ""trust 75 area pataudi review 24 cleanliness 2.5"", ""max_results"": 10}","{""hard"": {""area"": ""Pataudi""}, ""soft"": {""aspects"": ""cleanliness,view""}}",Multi-Channel Hybrid Retrieval,50,
