google_place_id,review_volume,average_sentiment,positive_review_ratio,negative_review_ratio
ChIJ--FGZrMZDTkRnNnjWOLxdmI,5,0.5968326518806861,0.6,0.4
ChIJ-5u-Vo0hDTkRbRiX9zTmtN8,5,0.7981438123853877,0.8,0.2
ChIJ-Q4xA7DlDDkRKbmDpYkiiUA,5,0.7998768091143574,0.8,0.2
ChIJ-SQyPM4_DTkR7vUfVVwEFyI,5,0.8000302288564853,0.8,0.2
ChIJ-Ty9tEz9DDkRxhAk4j8Iu8s,5,0.01197517192922528,0.0,1.0
ChIJ-UnEBH7jDDkRhJaGrJjZF4Y,5,0.7997493761911756,0.8,0.2
ChIJ-V35ZQLkDDkRAN9EIFb6qLA,5,0.7995672775432467,0.8,0.2
ChIJ-VWydUYZDTkRCK1L0K_hslU,5,0.8075119853019714,0.8,0.2
ChIJ-XC0KyYBDTkRHfjsKAMwROE,5,0.00056996916537168,0.0,1.0
ChIJ-XvcAPgdDTkRFvBaEfggBoE,5,0.0007325083104659999,0.0,1.0
ChIJ-_yRL8EZDTkRpKoCJVWyNKU,5,0.5960480853100307,0.6,0.4
ChIJ-c-55sofDTkRvmWM-SVTms4,5,0.9997211694717407,1.0,0.0
ChIJ-cFw1QcDDTkRZHlhKN9WUNs,5,0.40090734326513483,0.4,0.6
ChIJ-d8FwZ4ZDTkRRzTD7epgUdw,5,0.9998481154441834,1.0,0.0
ChIJ-wj47an9DDkRHSkcTjVxnn0,5,0.9998673915863037,1.0,0.0
ChIJ-yMuUIAZDTkRLIVVi0UXBZg,5,0.6015987954684533,0.6,0.4
ChIJ-yucsxU9DTkR6A2GPxzocoo,5,0.4054405012226197,0.4,0.6
ChIJ-yw3PGIbDTkRXAfYWuFspOY,5,0.20055311274481932,0.2,0.8
ChIJ01RYkd0dDTkRcowtxjOpraI,5,0.4065846587298438,0.4,0.6
ChIJ02Bkw2gYDTkRTp9KZwPMeG8,5,0.9996829152107238,1.0,0.0
ChIJ02TzQUn7DDkRNflvIGixm0c,5,0.20037168353737794,0.2,0.8
ChIJ02qaT-P9DDkRmOF-ajKFnjk,5,0.9997429966926574,1.0,0.0
ChIJ09LJrqwHDTkR6EUOtQ_cFqg,5,0.8003509102854878,0.8,0.2
ChIJ09kc2dgZDTkRR7K_tp-Fgco,5,0.199012345355004,0.2,0.8
ChIJ0QiWDhsVDTkRTsuxDtQTKxk,5,0.00239083094638768,0.0,1.0
ChIJ0Rj-PycFDTkRFINOVE9Kols,5,0.9996502518653869,1.0,0.0
ChIJ0SRAJy7jDDkRFajeIphw03w,5,0.4025754742964637,0.4,0.6
ChIJ0YSsSrcdDTkRPyej8NVwQ3E,5,0.0721386431221617,0.0,1.0
ChIJ0Y_ckAb_DDkRb_zWS8vZuMs,1,0.9959591031074524,1.0,0.0
ChIJ0_gWbwAZDTkR_RpnbSXlPFY,5,0.5975274997093948,0.6,0.4
ChIJ0_y8CMkaDTkRQfaV0zBk2QE,5,0.5889515927119646,0.6,0.4
ChIJ0bhXzyPnDDkRtIidxqRxIhM,5,0.9998574733734131,1.0,0.0
ChIJ0cF1deEPDTkRDLaGNJL-R4M,1,0.99946528673172,1.0,0.0
ChIJ0cKCfqgXDTkRtG8R8lMZzME,5,0.40381874205195334,0.4,0.6
ChIJ0fXfXH_7DDkREDM40klEACs,4,0.9998651146888733,1.0,0.0
ChIJ0yLaR0H9DDkR4ItbT8FxMO8,5,0.8003899966832251,0.8,0.2
ChIJ10WSvbAbDTkR8nRvr9xv9cE,5,0.801249816827476,0.8,0.2
ChIJ10WgN8X_DDkRgi_2slwPS18,5,0.00148400964681054,0.0,1.0
ChIJ13hb8gyrDTkRwoJ7oZSQY5g,5,0.8063420929014683,0.8,0.2
ChIJ13o6losfDTkR7ugYxJNGxvo,5,0.40400178323616276,0.4,0.6
ChIJ13uwGBMBDTkREGuDRst9C8s,5,0.40110482433228756,0.4,0.6
ChIJ148ArrIHDTkRLtH_2Sfx9TM,5,0.0006600810156669001,0.0,1.0
ChIJ14Hw8TkBDTkRkLqc_kOi0fY,5,0.40016017079760785,0.4,0.6
ChIJ14q4-0D9DDkReBdC7Lapp0A,5,0.203096714959247,0.2,0.8
ChIJ17YA13zcDDkRo3GFvGnqcYw,5,0.4683502878411673,0.4,0.6
ChIJ1QGaMpkCDTkRKj4GIDBC48o,5,0.9946664094924926,1.0,0.0
ChIJ1QmSeSYJDTkRiOphuniTwKA,5,0.7987065452965908,0.8,0.2
ChIJ1Qnx2DA9DTkRdqk9S2x5zI0,5,0.9981373190879822,1.0,0.0
ChIJ1SaUP0obDTkRbBiVtIz-s3A,5,0.5946799357654526,0.6,0.4
ChIJ1bSHNgLjDDkR4txUN5dzXiM,4,0.4981219875480747,0.5,0.5
ChIJ1cHW68oFDTkREy5Oee6PIYA,4,0.500126092309074,0.5,0.5
ChIJ1d-ok2QBDTkRPEamr4ALHlY,5,0.9998439669609069,1.0,0.0
ChIJ1dTzbUD9DDkRixPcd_ToHAc,4,0.0014744312939001,0.0,1.0
ChIJ1eAJv3EBDTkRh-_kWmP5-nE,5,0.7996804839931428,0.8,0.2
ChIJ1xMztXH9DDkRrZ5RpRJu8zI,5,0.7935166683979332,0.8,0.2
ChIJ1xyjNmH5DDkR74Qi8mkqu6Q,5,0.25452168980264106,0.2,0.8
ChIJ1ykaSU0HDTkRaPYUsd4IX1w,2,0.9993928968906403,1.0,0.0
ChIJ1ywK05AZDTkRdgEqHoRr7Qc,5,0.09740871132235036,0.0,1.0
ChIJ2-xcczADDTkR_bBvOkfwe2M,5,0.5989824907795992,0.6,0.4
ChIJ22pMGCUbDTkRB0hRdA_VG8k,5,0.20017534778744445,0.2,0.8
ChIJ23KVO4gZDTkR8kPIdIcogHg,5,0.9996044635772705,1.0,0.0
ChIJ27PwpZ0EDTkRwIoF5IlHPDI,5,0.7998696378723252,0.8,0.2
ChIJ27TmZdrjDDkR0csS3EblZWw,5,0.2027828595339088,0.2,0.8
ChIJ28LE6QX5DDkRdi9KWWQZLDw,3,0.0030266721635901004,0.0,1.0
ChIJ29BUF9oDDTkR6mXGVvaeoQs,1,0.99983811378479,1.0,0.0
ChIJ2QB-FpgEDTkRjMmKF58N8H0,5,0.2000561862485483,0.2,0.8
ChIJ2QQhr8QaDTkRMce_qfoaI-A,5,0.4002885793510359,0.4,0.6
ChIJ2Q_vUgAhDTkRG9JSfed_m9U,5,0.9998183131217957,1.0,0.0
ChIJ2Se7D0AZDTkRswVVBRehoeE,5,0.5011029568442609,0.6,0.4
ChIJ2TtPSgAZDTkR0nVA4pUDCkw,5,0.00900070213538124,0.0,1.0
ChIJ2UWUkp4HDTkRBo8KrLlPKjU,5,0.3984507444285555,0.4,0.6
ChIJ2YQPmRgFDTkRpjzhL5Eas-U,5,0.40094868899905123,0.4,0.6
ChIJ2am72v89DTkROMLW-jN2w0w,5,0.7441998861177126,0.8,0.2
ChIJ2bwVBgAZDTkRah_u1EhEw20,5,0.9995311141014099,1.0,0.0
ChIJ2ewIwZTdDDkROBzUNEliaAg,5,0.7464417421258985,0.8,0.2
ChIJ2zl8jRQbDTkRv1tqCweBkZY,5,0.2005994357314193,0.2,0.8
ChIJ3-PpEgYZDTkRA3FAMu-E6AI,5,0.7999382367182989,0.8,0.2
ChIJ306lNAADDTkRP-6e4yPnr8U,5,0.20997261934680864,0.2,0.8
ChIJ31qkaK4XDTkRRv1q3L_F6vs,1,0.999805986881256,1.0,0.0
ChIJ32Vw6zEVDTkRjhdgrT9Hq_Y,5,0.5939795586280525,0.6,0.4
ChIJ335bATblDDkR1WS3B174oYA,5,0.6706170590594411,0.6,0.4
ChIJ33rDkUkVDTkRBF6PlzwmTFw,5,0.01654681726940902,0.0,1.0
ChIJ34bw-9AbDTkRX4duKPn_Nqg,5,0.8811061024665833,0.8,0.2
ChIJ374hXsgDDTkRRRix0z5YTcQ,5,0.6005942607240286,0.6,0.4
ChIJ378Q6gb5DDkR__M5xEp30pQ,1,0.0002048552560154,0.0,1.0
ChIJ37trROcDDTkRPHhZWFNd5xQ,3,0.3336983921277957,0.3333333333333333,0.6666666666666666
ChIJ3RlMdckBDTkR0pjpqymKelw,5,0.9889440059661865,1.0,0.0
ChIJ3S7zfJ8CDTkRI1ahIlccS5o,5,0.0008725753345060601,0.0,1.0
ChIJ3SD_AlkVDTkR5vw23z7SA68,5,0.7999441626830958,0.8,0.2
ChIJ3SQBg8chDTkRY0_2MuPDqv0,5,0.42250296801212245,0.4,0.6
ChIJ3VQnN78ZDTkRmGxqa1UL0eo,5,0.20118301427573893,0.2,0.8
ChIJ3VgjA3L7DDkRMlHJajqQ8xA,5,0.9185589671134948,1.0,0.0
ChIJ3X0NsjECDTkRYoNaNClVwuE,5,0.20089022027677855,0.2,0.8
ChIJ3Z8udED9DDkRr00_4ufSiV0,5,0.403285204351414,0.4,0.6
ChIJ3a9ngjLfDDkRSKpG4qiY0Uc,5,0.6054361134767532,0.6,0.4
ChIJ3bgkcZ8CDTkRTihSIjfk7w0,5,0.6001060736714863,0.6,0.4
ChIJ3biBSov9DDkRTqlRipFxhOk,5,0.00043972716084674,0.0,1.0
ChIJ3btan6QFDTkRqEJyaQ20wag,5,0.400311106457957,0.4,0.6
ChIJ3f2tTHbeDDkRDf98bXDD7Zg,5,0.6000483558687847,0.6,0.4
ChIJ3fq-Uc4ZDTkRlJf8KDLs0wo,5,0.6004064620705322,0.6,0.4
ChIJ3wheEADnDDkRDzP-C5uNxr0,5,0.9998619556427002,1.0,0.0
ChIJ3wz0KwfiDDkRjHFWQTiSUNA,5,0.40310314410016873,0.4,0.6
ChIJ3xHFu-8BDTkRniKPVpPnnZA,5,0.9911526679992676,1.0,0.0
ChIJ3yRDa7gGDTkRLrdOe3Q5vpU,5,0.19964561943197617,0.2,0.8
ChIJ3ydPH0rcDDkRphpP8-WHB1c,5,0.00058482729946256,0.0,1.0
ChIJ40I_kCvnDDkRsOwVtnuR6I4,5,0.9672740936279297,1.0,0.0
ChIJ42FWKggdDTkRFzcocUxirBs,5,0.20062159072258506,0.2,0.8
ChIJ43idupk9DTkRjypZM1JQyko,5,0.7998950773791875,0.8,0.2
ChIJ44xy620HDTkRZkVQGauKZBI,5,0.9996241807937623,1.0,0.0
ChIJ46DoQ1AbDTkROjfRXbq6LiU,5,0.8000086572952568,0.8,0.2
ChIJ486HNRMBDTkRM1sl8rwuie4,5,0.4004738131305203,0.4,0.6
ChIJ48E4IKoZDTkRUDIRdG8HzTI,5,0.7974191878107376,0.8,0.2
ChIJ48_OUif9DDkR9L9PyvviY4s,5,0.40038295059930534,0.4,0.6
ChIJ498BU249DTkRkH_DKrBZgC0,3,0.9998377561569214,1.0,0.0
ChIJ4QSpaUwbDTkRTJLcTeZmT64,5,0.8652141153812408,0.8,0.2
ChIJ4RfKFssFDTkRU4i5FR1_Mcc,3,0.0006253543009127334,0.0,1.0
ChIJ4WmKF40BDTkRhunQxIe-GlU,5,0.9985831618309021,1.0,0.0
ChIJ4ZM2vkIXDTkRAXr06HcF9JI,1,0.7220864295959473,1.0,0.0
ChIJ4ZO2ChQZDTkRpunIryEaAR8,5,0.9995243906974792,1.0,0.0
ChIJ4_cSyxPhDDkRRdBaWb4TUL4,5,0.3990305558865657,0.4,0.6
ChIJ4aZIwh0XDTkRk3pS4f1_2cA,5,0.9998381972312927,1.0,0.0
ChIJ4bbuL5sZDTkRKr-J97a4G0s,5,0.799740625868435,0.8,0.2
ChIJ4x53ez8BDTkR5CIlTSFHw1g,5,0.3987751778331585,0.4,0.6
ChIJ4xrnQuerDTkRFSt71MB3oMw,5,0.00053237064275884,0.0,1.0
ChIJ5-GnwuYBDTkRenzp2BlV9aY,2,0.0007594624039483999,0.0,1.0
ChIJ5-z-Hc_jDDkRZyU2Wz8Mae4,5,0.7415858355117961,0.8,0.2
ChIJ50F8pDQFDTkRW4vVtMDV2Vg,2,0.5000335822769557,0.5,0.5
ChIJ51yNUgbjDDkRhRjK5RkEXn4,5,0.4000610900693573,0.4,0.6
ChIJ523s_LLgDDkReZgVUIHDaaA,5,0.7999571568216197,0.8,0.2
ChIJ52FmthX9DDkRuV3TTavgdAA,5,0.5999646681040758,0.6,0.4
ChIJ52dGUtcDDTkR9ccRlGw9PG0,5,0.4007976482069352,0.4,0.6
ChIJ59PVuv4bDTkRw6GldlMth6I,5,0.7999104053014889,0.8,0.2
ChIJ5QdVesIFDTkR0Q9J7-vqSHw,5,0.00494002247869496,0.0,1.0
ChIJ5RPXWkbnDDkRHPIEdZvEvnM,5,0.7997869715560227,0.8,0.2
ChIJ5RheowbkDDkRtDC1TjcYz1w,5,0.40007065968820826,0.4,0.6
ChIJ5RjjCirlDDkR5wrzax-BZEs,5,0.40004545113188217,0.4,0.6
ChIJ5V5eFuAHDTkR47MCn7ul_ww,5,0.4874768621753901,0.4,0.6
ChIJ5VpnAeYfDTkRYQ9sYR8yMGs,5,0.3812226690468378,0.4,0.6
ChIJ5WV5tSj7DDkR5C7fCFDWTps,5,0.40187004729523323,0.4,0.6
ChIJ5X1AVYMCDTkRuXIfnpUxxSE,5,0.8381951302289963,0.8,0.2
ChIJ5X7CbgAZDTkR2E-ZjpnjZi8,5,0.8037554901093245,0.8,0.2
ChIJ5XYHAwAJDTkRhk-aK3gljDQ,4,0.9962106496095657,1.0,0.0
ChIJ5XqZzjwFDTkRMQgkRgFzsz4,5,0.7999343220901209,0.8,0.2
ChIJ5bX1UNLjDDkRFUd-LjbGr28,5,0.9998025536537171,1.0,0.0
ChIJ5bXEImgdDTkRTcDcVIVTblg,5,0.4006361144478433,0.4,0.6
ChIJ5c8bRRP9DDkRI_kpIfCtqB8,5,0.0041240865597500995,0.0,1.0
ChIJ5dfWP_UdDTkRciVp85XPAk0,5,0.7999277142866049,0.8,0.2
ChIJ5wVw0d0ZDTkRKhByqx1b0lQ,5,0.7994822214939632,0.8,0.2
ChIJ5xIjFAABDTkRPX5HONJzVLs,2,0.5172323342412709,0.5,0.5
ChIJ5xMxsdwDDTkRmPBTgKIUMbo,5,0.9994167685508728,1.0,0.0
ChIJ5ybDRzjcDDkRl2FKQsRD4eo,5,0.7999476523254998,0.8,0.2
ChIJ5ybFfAsXDTkR5slZzBjfm8o,5,0.40226114693214177,0.4,0.6
ChIJ5ywskdUBDTkReNdCgxAYPJI,5,0.40064817992097235,0.4,0.6
ChIJ5zP56pMfDTkR4iADY4sOufg,5,0.4006146963598439,0.4,0.6
ChIJ5ztBr_kZDTkR4LzBbqbWcSk,5,0.0036142673838184597,0.0,1.0
ChIJ6-1znNsFDTkRm7yVEo8cwTc,5,0.20075025137630292,0.2,0.8
ChIJ61WTkQ8BDTkROsXSSW6I5SQ,5,0.40033810795866887,0.4,0.6
ChIJ64_MiLE_DTkRGOHzyJ5UpDM,5,0.49137844825163485,0.4,0.6
ChIJ64ybpDgFDTkRNm-JNcbqCuE,5,0.7932603673019912,0.8,0.2
ChIJ66UarT6rDTkRyZa4JzJBuoY,4,0.47913999863885687,0.5,0.5
ChIJ67eVkr8GDTkRVc10q3eNuvE,5,0.7998386892431881,0.8,0.2
ChIJ68pMy4ujDTkRfdLW8KShqPs,5,0.9982088804244995,1.0,0.0
ChIJ69cVdAD9DDkRKbdKKZC9RCA,5,0.7997873419080861,0.8,0.2
ChIJ6RTDdCTnDDkRZaKJnxryIMs,5,0.8111646428704262,0.8,0.2
ChIJ6UDMWr4DDTkR-s5z0b2N_Z8,5,0.00112055881181724,0.0,1.0
ChIJ6UcYhSEeDTkR6E7j3U9cv-0,5,0.7996392113622278,0.8,0.2
ChIJ6VKu20AFDTkR0gckv0FCS3M,2,0.9998491108417511,1.0,0.0
ChIJ6XCwlb0dDTkRLWxu1qjVv00,5,0.20209258657414467,0.2,0.8
ChIJ6XGgrjLnDDkRe1YaEUjd_r8,5,0.40195794335741086,0.4,0.6
ChIJ6XfP3Yn7DDkR7EkhxIHNGO4,3,0.7542583843072256,0.6666666666666666,0.3333333333333333
ChIJ6YO4P9zdDDkR_N4aclI98Ng,5,0.40078700237791054,0.4,0.6
ChIJ6_4lqtj8DDkR5K7EOXYtvCI,5,0.00040187305712604,0.0,1.0
ChIJ6c81vdD6DDkRwSloTrOLG6E,5,0.5964767963538179,0.6,0.4
ChIJ6dIL9O3lDDkR08PFnVJrs1I,5,0.19961229194304903,0.2,0.8
ChIJ6wyYSJndDDkRRdbX4at-Y-0,5,0.4017176093766466,0.4,0.6
ChIJ6yMHonsZDTkRMN0eS43o7Tw,5,0.4019366445718333,0.4,0.6
ChIJ6ykOwE37DDkR4kHteRFVpGg,5,0.9893037438392639,1.0,0.0
ChIJ6ztvUg3-DDkRLVhUcMEzffQ,5,0.20415606244350779,0.2,0.8
ChIJ70yHFd4BDTkRDCBZqoNKwjY,5,0.7998364086728543,0.8,0.2
ChIJ73aJFo_7DDkRD75wIldcHf4,5,0.008128310402389562,0.0,1.0
ChIJ73h-x7AfDTkRYODY5sS8TO8,5,0.0016488082706927801,0.0,1.0
ChIJ74P05McBDTkRI1DrZsSufxA,1,0.9998658895492554,1.0,0.0
ChIJ75mawVXjDDkRgnu3gPfCRjc,5,0.5997713419666979,0.6,0.4
ChIJ76JImg0dDTkRVUXq0b3XW0A,5,0.21390713611617684,0.2,0.8
ChIJ76KgAiEiDTkRw62nMJ-4n7k,5,0.9997827053070069,1.0,0.0
ChIJ76fRckIbDTkRIah0mfzCE08,5,0.6010689039248973,0.6,0.4
ChIJ77AkL1sHDTkRckJGkQC1VuY,3,0.9989318450291952,1.0,0.0
ChIJ77cDh5H9DDkRw4eomzQsdh4,5,0.00267629484296772,0.0,1.0
ChIJ788UkOAeDTkR1IXMH3KeYTY,5,0.8009980502538383,0.8,0.2
ChIJ78FO7agFDTkRWu2o8J3LbLE,5,0.0007562921731732,0.0,1.0
ChIJ78gy8y4HDTkRHZp1SwDEWHo,5,0.0023192135384305797,0.0,1.0
ChIJ78pTIgAfDTkRy0dLDmC0oRk,5,0.4006948939349967,0.4,0.6
ChIJ7Q6BTxMFDTkRFnrFY18zdcU,5,0.00112843764363782,0.0,1.0
ChIJ7TBF3w6tDTkRxqHf-88bekw,2,0.5004888919647783,0.5,0.5
ChIJ7U43gHXdDDkRxrQvQ2InjH8,5,0.7999252154666465,0.8,0.2
ChIJ7UGbOM8aDTkRyL55gyT-jpg,5,0.20418251357041295,0.2,0.8
ChIJ7UcKMUjhDDkRL-mPFW5-q7g,5,0.5848521768406499,0.6,0.4
ChIJ7VH_h-IdDTkRFNSyL2_D5vs,5,0.00212422808981494,0.0,1.0
ChIJ7VIOTVseDTkRdnOMsxb5ftI,5,0.9986593842506408,1.0,0.0
ChIJ7VpQfSMeDTkRq4Uup9eQgNI,5,0.20270530649577262,0.2,0.8
ChIJ7W5mGAIWDTkRI2I_wKlwLRk,5,0.9998166561126709,1.0,0.0
ChIJ7Xa0GEEcDTkRE39X-CgUsG0,5,0.0013167323661036402,0.0,1.0
ChIJ7YAuUx89DTkRFRi0TeqfJ7I,5,0.7999556710361503,0.8,0.2
ChIJ7_KbKp4CDTkRuZLvVbQuguc,5,0.8090333811938762,0.8,0.2
ChIJ7__72BTdDDkR4IspIyx07sM,4,0.500933790790441,0.5,0.5
ChIJ7aqq-vTkDDkRgQTJLDQBQlA,5,0.8008810554631054,0.8,0.2
ChIJ7aqqqhn9DDkROmpPLJp4sS0,5,0.7995543980214279,0.8,0.2
ChIJ7bfQAnIcDTkR6QuFSvjr3e4,5,0.9131070971488953,1.0,0.0
ChIJ7eql54AFDTkRqeVDzk7JbSo,5,0.2003654185158666,0.2,0.8
ChIJ7fAQv8_dDDkRYi2IELVDS38,5,0.20271473918110133,0.2,0.8
ChIJ7fRtZmwYDTkR1gC0XrYO20g,5,0.0027086467423941404,0.0,1.0
ChIJ7fuzuzgBDTkRPKEENDxBLpw,5,0.6024851353606209,0.6,0.4
ChIJ7wT_1n0jDTkRHes_l2DwAiI,5,0.2003072029590839,0.2,0.8
ChIJ7xjccFQfDTkRNLupqKY77ZM,5,0.9989437460899353,1.0,0.0
ChIJ7xzv0_XhDDkRouVSxdtA7Kg,5,0.9992979407310486,1.0,0.0
ChIJ7yY1S0AcDTkRZIaCEtrF_-A,5,0.22270206268003676,0.2,0.8
ChIJ7zycekH9DDkRWd8FYsIVT3U,5,0.6557565150782466,0.6,0.4
ChIJ80WEYuD8DDkR2z_JnqJYSd0,5,0.8013224269263446,0.8,0.2
ChIJ80jFb_AJDTkRlQqSwAF8FZs,2,0.9998539090156555,1.0,0.0
ChIJ832IbC79DDkRxvUL3edYTw4,5,0.8003794381394982,0.8,0.2
ChIJ83sN18QEDTkR8THDqjoDwF8,5,0.24314547436661088,0.2,0.8
ChIJ83zzx1sHDTkRI1NK8xauAC4,5,0.00066187057818744,0.0,1.0
ChIJ845-Av8hDTkR92215ULZUa0,5,0.9998165369033813,1.0,0.0
ChIJ845VBz0eDTkRn4taWpUHdMI,5,0.8013189467601478,0.8,0.2
ChIJ85M8_BDlDDkRuHggVmVCRmA,5,0.40030592027469536,0.4,0.6
ChIJ86e0i6sjDTkRzMsqrb9fdGU,5,0.2005224860215094,0.2,0.8
ChIJ87DHGs4ZDTkRx1Hiq-G3rsI,5,0.6044678838457912,0.6,0.4
ChIJ87NRphjiDDkRMh3igGPGQUg,5,0.4014195749448845,0.4,0.6
ChIJ88UPbKcfDTkRn5RuCRubLAI,5,0.7951286591443931,0.8,0.2
ChIJ8RAL_OL_DDkRfkpERnh9Ujo,5,0.00082771299930752,0.0,1.0
ChIJ8SaLJQcbDTkRDummRi-bBts,5,0.9997979402542114,1.0,0.0
ChIJ8Saeag4BDTkRpye1qynjXfI,5,0.5994379226060118,0.6,0.4
ChIJ8SoxXNoVDTkRR5Pv53WSjPk,5,0.9998077750205994,1.0,0.0
ChIJ8SvdaJsLDTkR_ZJVxtepIE4,3,0.6648597696718449,0.6666666666666666,0.3333333333333333
ChIJ8VV1bwLkDDkRXF4dKZb7rf0,5,0.9426390290260315,1.0,0.0
ChIJ8X5p4sGpDTkRAn5CHmb8CgM,4,0.5660979225140181,0.5,0.5
ChIJ8XJNQSHnDDkR60BZUyvH0_8,5,0.2002250123041449,0.2,0.8
ChIJ8XxKq60YDTkR1qyuvd84B8k,4,0.7496605142732733,0.75,0.25
ChIJ8Z3G91sHDTkR4fx3eLbmUAU,5,0.16205597441294226,0.2,0.8
ChIJ8Z_NJZ4DDTkReip6lwx436M,5,0.6262553222943097,0.6,0.4
ChIJ8b0cjakbDTkRswKAZj95Mjk,5,0.3948857419280102,0.4,0.6
ChIJ8eP7GADhDDkRFW6C7rXhNB0,5,0.7994967184582492,0.8,0.2
ChIJ8eQZ5P4bDTkRHptlV4BmkLY,5,0.402441024617292,0.4,0.6
ChIJ8eXMjBQDDTkRB0vq5KGUuro,5,0.00048433525662398,0.0,1.0
ChIJ8fp48rP7DDkRB1sioTWEZE8,4,0.2514678287225251,0.25,0.75
ChIJ8wb5Nwb9DDkRrQpokLfjOsU,5,0.017056241503450958,0.0,1.0
ChIJ91XVqDABDTkRs5l8m4h51Dk,5,0.20016643358103461,0.2,0.8
ChIJ91zeLwDdDDkReFhf0mek_RM,5,0.9995015144348145,1.0,0.0
ChIJ93r8-wbjDDkRlf30qg5Q_pM,5,0.20030586794891855,0.2,0.8
ChIJ94OtjosHDTkRNzEsMJsW-jg,5,0.0004914562014163799,0.0,1.0
ChIJ95pIbxIMDTkRS4oadXUcB64,5,0.6154784091282636,0.6,0.4
ChIJ968tGgojDTkRObaW2xZSuXs,5,0.600080053016427,0.6,0.4
ChIJ96cpUlsDDTkRK5rHUFLyRQc,5,0.6006223119038623,0.6,0.4
ChIJ97W7F9EfDTkRidfrk_JoC5s,5,0.999871826171875,1.0,0.0
ChIJ97ryQcUaDTkRMRQ3U8RDauM,5,0.40060569630004467,0.4,0.6
ChIJ9QLLUI3dDDkRRkT-iEdX5Oo,5,0.9995821118354797,1.0,0.0
ChIJ9UwfBWzdDDkRCkXnHDqFYAQ,5,0.006872851614025399,0.0,1.0
ChIJ9W1BH1UHDTkR-atCKhI6R6Y,5,0.5001083032693714,0.4,0.4
ChIJ9WJgCpwiDTkR9v_-VgD8zc4,5,0.9998325705528259,1.0,0.0
ChIJ9Xii03PiDDkRFaoIddnxtns,5,0.6009136763197602,0.6,0.4
ChIJ9YQiGwA9DTkRPjg7rABv8os,5,0.999768078327179,1.0,0.0
ChIJ9_LFpUoZDTkRmQc0nr3920Y,5,0.7997472642571666,0.8,0.2
ChIJ9_YcO0AcDTkR-IevngItAKw,5,0.20794522047799546,0.2,0.8
ChIJ9bGyTpwCDTkRUo-2hSFXffA,5,0.4236775615048828,0.4,0.6
ChIJ9bGyTpwCDTkRpCJHmrLyp8g,5,0.683791603334248,0.6,0.4
ChIJ9cVfgg_9DDkRMQLzjeAJ-vY,5,0.19932255544699728,0.2,0.8
ChIJ9edIGvoDDTkRVxqbcgB6rm0,5,0.3981970279361121,0.4,0.6
ChIJ9ewU6Ls_DTkRzsiQ4T9QLWo,5,0.8004636744502932,0.8,0.2
ChIJ9f5mdiv7DDkRq-mRrFelJAo,5,0.9998432517051696,1.0,0.0
ChIJ9yKcCbQXDTkRW3uWCbf-uLQ,5,0.9996508240699769,1.0,0.0
ChIJ9z9RjKzjDDkRkqMhtJ2HBNM,5,0.9997966527938843,1.0,0.0
ChIJ9zJVVgD7DDkRWOQxBwWX3G4,5,0.40022770674258934,0.4,0.6
ChIJA-XE0cprDTkRwR3bG7Oc7JM,4,0.9998538345098495,1.0,0.0
ChIJA-vXAVT9DDkRgea1TJCa_UU,5,0.5988662298768759,0.6,0.4
ChIJA-zn7S77DDkRXJsksvK3hLw,5,0.5960690806503408,0.6,0.4
ChIJA4OXYoEHDTkROFZ398gVHHU,5,0.0015717132017015998,0.0,1.0
ChIJA4pw_H4ZDTkRyr1y9v30CQ4,5,0.7884979269379983,0.8,0.2
ChIJA5noYTHdDDkRzwENbOht5eU,5,0.20031400535372082,0.2,0.8
ChIJA5u7YpYZDTkRCEcqc98Pbak,3,0.6668702529277653,0.6666666666666666,0.3333333333333333
ChIJA9WYaIEHDTkRTK-Lo25SbTA,5,0.19985728218452994,0.2,0.8
ChIJAQA0MlMeDTkRBu02w_FNO1U,4,0.999838799238205,1.0,0.0
ChIJAQAAAKHThDkROOHqJK8SqEQ,5,0.6103300548478728,0.6,0.4
ChIJAQAAMLD-DDkRdPtt8LsVujA,5,0.9998145222663879,1.0,0.0
ChIJAQAAwMoZDTkRW9hrHxvXr20,5,0.9555202484130859,1.0,0.0
ChIJAQAQ3iIeDTkRUX6NDxRGhiA,5,0.00042228080274066,0.0,1.0
ChIJAQB0mwAiDTkRGTqwPngT9Qg,5,0.6945269021787681,0.6,0.4
ChIJAQBA6eAYDTkRV0RzEJj5IE8,5,0.5995328570395941,0.6,0.4
ChIJAQBAAokZDTkRZxk3dwZd-4I,4,0.9995240867137909,1.0,0.0
ChIJAQCTgEP7DDkR8z4l4Lv6Uhc,5,0.20008287708624267,0.2,0.8
ChIJAQDARl7iDDkRPMvE7jjAm4s,5,0.7980955759063363,0.8,0.2
ChIJAQDviIUCDTkRGce6KapJ6xw,5,0.8029201151803136,0.8,0.2
ChIJAWlbwzsZDTkRTD1NrIaIoJg,2,0.5003742419939954,0.5,0.5
ChIJAXp7bFcZDTkRkKdt_Lt46Tk,5,0.16585985076380888,0.2,0.8
ChIJAYFTg5HhDDkR_v7Ha_GJtt8,5,0.600036673800787,0.6,0.4
ChIJAYcyTJ0ZDTkRLMQcp2ZFyMc,5,0.20051038635137958,0.2,0.8
ChIJAZRhEZWjDTkRjOCGULUsIM0,5,0.8002576487604529,0.8,0.2
ChIJAZTkm0D9DDkRAMiy3bHdGCY,5,0.00053067693661428,0.0,1.0
ChIJAZTkm0D9DDkRMDezVFMRIKM,5,0.7988683931180276,0.8,0.2
ChIJA_gnLTQbDTkRVHz_FmDumIs,5,0.9997975349426269,1.0,0.0
ChIJAaXhBdofDTkRjJVX_cRNLSQ,5,0.7997328858356922,0.8,0.2
ChIJAd3619A9DTkR4UZYACYhK9E,5,0.9996964335441589,1.0,0.0
ChIJAeEer4jkDDkRnvYOsth2r2c,5,0.9998599529266358,1.0,0.0
ChIJAw2759jjDDkReqlGzFG1rN8,5,0.0011818329483502799,0.0,1.0
ChIJAx_1cQAjDTkRyUfJqOJ0uhw,5,0.8083169922232628,0.8,0.2
ChIJAxoZFF0-DTkRrQYeGhnCS1c,5,0.41293705857824536,0.4,0.6
ChIJAy3yrrofDTkRo9pQpHva1MY,5,0.639838379388675,0.6,0.4
ChIJAzDQxXn9DDkRYPf3fWJwA8M,1,0.9998674392700196,1.0,0.0
ChIJAzPudb_dDDkR7Ky0lXG8OeI,5,0.4003987353644334,0.4,0.6
ChIJAzdTzS7jDDkRIt7HRR47yfc,5,0.9996294975280762,1.0,0.0
ChIJB-shS9_jDDkRQQSbddJ0GOU,5,0.7994873458635993,0.8,0.2
ChIJB0f_eV8VDTkRZLamMeFD228,1,0.9998511075973512,1.0,0.0
ChIJB1BnotkdDTkRWrfJkptd0f4,5,0.45789461947861126,0.4,0.6
ChIJB1xm5avdDDkRF1xqDSafw50,5,0.40016501263598914,0.4,0.6
ChIJB3eNuar9DDkRdLXjKjlGuaE,5,0.4005466055008583,0.4,0.6
ChIJB4eb5VziDDkR8DQnuhE4HhU,5,0.9998587012290955,1.0,0.0
ChIJBS-HCGL9DDkRnvfrMTf9pDM,5,0.9996918916702271,1.0,0.0
ChIJBUyBs_EBDTkR6NDsh_942IY,5,0.7999190045404247,0.8,0.2
ChIJBVSGE6gbDTkRSmVkRqpoTi8,5,0.6001338942442089,0.6,0.4
ChIJBWLPRSvfDDkR9hoirJEhMJI,4,0.25312800327446894,0.25,0.75
ChIJBXLyghI9DTkRRrOaOusMssk,5,0.6006635991157964,0.6,0.4
ChIJBXnLrFvhDDkRAiQRIACRglQ,5,0.8006825995631516,0.8,0.2
ChIJB_YlZ60DDTkRk6N2H6cp11Q,5,0.00138261933461758,0.0,1.0
ChIJBb2AhdMHDTkRiuP5pxgamCA,5,0.0009874175768344999,0.0,1.0
ChIJBb3mYrQdDTkRv0Dx43jGpGQ,5,0.20660152005730198,0.2,0.8
ChIJBb6nI8D9DDkRwrBTMaXlXG4,5,0.6003765153698624,0.6,0.4
ChIJBbCOpAnlDDkRaY_Ew4Tetlk,5,0.8005521467886865,0.8,0.2
ChIJBbgsxsYEDTkRc2dRoyxQ5Cw,5,0.3808686246629804,0.4,0.6
ChIJBbpSm1sJDTkRdKOUL6qnOIY,4,0.4883355380734429,0.5,0.5
ChIJBbwzvPMBDTkRPPGqzG0yUhc,5,0.8002678324934095,0.8,0.2
ChIJBcMcWOAjDTkRUzbA5iIK4lY,5,0.9998194694519043,1.0,0.0
ChIJBeUtHnTiDDkR4Ubj5utSO8c,5,0.7994308053341228,0.8,0.2
ChIJBevGfo4ZDTkRVZgGThgWOhM,5,0.7999264144338667,0.8,0.2
ChIJBfnuD7sZDTkRo_vgFmqNTNs,5,0.9973482251167297,1.0,0.0
ChIJBw4gkmQJDTkRCfSriSCLgGE,4,0.7574856677092612,0.75,0.25
ChIJByYe3LL9DDkRVpIn7noONz0,5,0.4004689957364461,0.4,0.6
ChIJBz-A1bT9DDkRyCwXhKz5ZC8,5,0.40764385042421053,0.4,0.6
ChIJBzhabYMFDTkRwDDnvz1r_Ms,5,0.2003412849531742,0.2,0.8
ChIJBztzF2_dDDkRL7U3jwZkoRM,5,0.6000439429597464,0.6,0.4
ChIJC-P-G5gCDTkRpV3HzHjERLA,5,0.9996956586837769,1.0,0.0
ChIJC-svMT7nDDkRsnPyEfm6MSM,5,0.9912163734436035,1.0,0.0
ChIJC0pNFKb_DDkR6f4LYdcCE3w,5,0.3372873215179425,0.2,0.8
ChIJC3jSkMLnDDkRpbyJHHT6HjY,5,0.00055417449621016,0.0,1.0
ChIJC4a0GTAdDTkR08VLCKrqsfs,5,0.5997596399975009,0.6,0.4
ChIJC4qlMTf9DDkRhRQpkx58hqI,5,0.7988816724158824,0.8,0.2
ChIJC567cIwdDTkRsrbn8qAY9H4,5,0.40022681474220007,0.4,0.6
ChIJC5Q-kVUFDTkRJw9wSqEzoKY,5,0.00052815234521402,0.0,1.0
ChIJC5jTgNcZDTkR3ajFCvQd1dI,5,0.4118180621182546,0.4,0.6
ChIJC7kLf7ghDTkRxYDIWk_0mrg,5,0.99986891746521,1.0,0.0
ChIJCS9C0uhrDTkRa6WloDihzjA,5,0.2735826411575545,0.2,0.8
ChIJCUCbwIwZDTkRpOs1cXoyU2Q,5,0.9690542578697204,1.0,0.0
ChIJCVKJb40hDTkRperhcYArmyI,5,0.6128295151516795,0.6,0.4
ChIJCWY26SAhDTkR1Zlugtx6d1U,5,0.9996212244033813,1.0,0.0
ChIJCXCAgNkfDTkRAOH3fheHj10,5,0.5988714528502895,0.6,0.4
ChIJCYkD0ckZDTkROZqkEmNEa5k,5,0.7999488991859834,0.8,0.2
ChIJC_BtMAmsDTkR0zDkFj0klCs,5,0.8000351197784766,0.8,0.2
ChIJCbfAqZ4CDTkRFi_5YrUbYzg,5,0.20041497881175013,0.2,0.8
ChIJCbfAqZ4CDTkRXDM5WL-Z6nc,5,0.7127022073371336,0.8,0.2
ChIJCbfAqZ4CDTkRb3axkMEgrnw,5,0.1747536306327674,0.2,0.8
ChIJCcAUB0UUDTkRFVah_3Z_EA8,4,0.749982107685355,0.75,0.25
ChIJCdCLTWgcDTkRgCe4U3CxnUo,5,0.9998487114906311,1.0,0.0
ChIJCfft_zQZDTkR-d687pw4YUI,5,0.394274017191492,0.4,0.6
ChIJCxPaVwADDTkRQZ-4juHz88U,5,0.4000709178100806,0.4,0.6
ChIJCyUAlnH7DDkRGOw37CO42EY,5,0.5754484696197324,0.6,0.4
ChIJCyc2Pa_mDDkRFDjbRorrdGg,5,0.7999666041345336,0.8,0.2
ChIJCzkoDqcEDTkR80MrklwRG6U,5,0.6001778381876648,0.6,0.4
ChIJD-BZ3TMDDTkRXdT-qrMpMYY,5,0.34671244961209596,0.4,0.6
ChIJD-_OOykHDTkRfcnV8lQwHtg,4,0.7489700323421857,0.75,0.25
ChIJD0MQIp89DTkRP3c_QnFrdws,5,0.999652373790741,1.0,0.0
ChIJD0RVhn8ZDTkRUF5yuCiz2QU,5,0.9997995615005493,1.0,0.0
ChIJD17xGwccDTkR56renr5AHfM,5,0.7115705304342554,0.8,0.2
ChIJD28IYhABDTkR33cJ9vppB2M,5,0.20162207059038334,0.2,0.8
ChIJD30e-Uw8DTkRO7PU1hnBmnw,5,0.8013367552310229,0.8,0.2
ChIJD3l5JwYfDTkRrQ4zqTYjbfM,5,0.5699664787040092,0.6,0.4
ChIJD4ycINPjDDkR4Xvm3Q1Quq8,5,0.7496028987516183,0.8,0.2
ChIJD52m02gEDTkRjAvSWtdaO2E,5,0.9998389482498169,1.0,0.0
ChIJD6eyOWkEDTkRa5DoupugiDg,5,0.3831785601214506,0.4,0.6
ChIJD9sct5j9DDkRJe9FJUj54YI,1,0.9967261552810668,1.0,0.0
ChIJDQCwFlb7DDkRc6G99BgmakY,5,0.7988270684843883,0.8,0.2
ChIJDQno1z4ZDTkRCYA0YtLlZos,5,0.9998674869537354,1.0,0.0
ChIJDTI7CaIjDTkRKhz122Ji-Fk,5,0.9998181462287903,1.0,0.0
ChIJDVaYpxcFDTkRC2JgbXYnzpA,5,0.0011501354660139803,0.0,1.0
ChIJDX40hD0bDTkRJ4CwNPbP0LI,5,0.9955809950828552,1.0,0.0
ChIJDYSnz5QBDTkRX_zVDWiJhWI,5,0.4097693414776586,0.4,0.6
ChIJDc1QIUf9DDkRvbhK8u3ZTlg,5,0.7995543487137183,0.8,0.2
ChIJDdqRm4vnDDkRVPs6i90nqM4,5,0.00159957399591798,0.0,1.0
ChIJDeq9wUQZDTkRrwJeNPrH41U,5,0.20553640491561959,0.2,0.8
ChIJDfbvBQAXDTkRhozPcRxRaJ8,5,0.8000458614900708,0.8,0.2
ChIJDylpYF8bDTkRrqi1VR5k0CU,5,0.7997832526103593,0.8,0.2
ChIJE-nHCOw9DTkRWoaV4qW-0B8,3,0.3338154239657645,0.3333333333333333,0.6666666666666666
ChIJE-uo-fwYDTkREmhTJ5h_HSI,5,0.9945238351821899,1.0,0.0
ChIJE1CbrsI9DTkRU9JuSU8YpDs,5,0.2791435785067733,0.2,0.8
ChIJE36DOowgDTkRLAxRjfgu7bk,5,0.600390869146213,0.6,0.4
ChIJE3DvtxIjDTkRjoZAKwZ_L-A,5,0.599980581185082,0.6,0.4
ChIJE3OAKsb7DDkR9ddf6PCweXI,1,0.9966076612472534,1.0,0.0
ChIJE51owZ0ZDTkR2OgJJr4sDsI,5,0.9998278021812439,1.0,0.0
ChIJE7CtJRT9DDkR9LyAsvfENVs,4,0.999833345413208,1.0,0.0
ChIJE94Ic8AHDTkRHl5uQ9veo-s,5,0.6000887763802893,0.6,0.4
ChIJE9OYdkHlDDkR8960E_5cjco,3,0.9836206237475077,1.0,0.0
ChIJE9ZNnEoYDTkRKUGTJncZXrI,5,0.6001719252206386,0.6,0.4
ChIJERGjA9qrDTkRDLW8qze8P0I,5,0.4132182395318523,0.4,0.6
ChIJER_F-egHDTkRbHX8JGkVv2U,5,0.6006554675870575,0.6,0.4
ChIJEXaERDFVDDkRSCbwxjjDzig,5,0.9972562670707703,1.0,0.0
ChIJEXvCGcb7DDkRYQ8mxzNzj5o,4,0.00068669731263065,0.0,1.0
ChIJEYDU5mYbDTkRH-UsiC4Cu4E,5,0.4036615890159737,0.4,0.6
ChIJEYi_bxviDDkRxJy_gHRETS0,5,0.9983384370803833,1.0,0.0
ChIJEZfQ9zQbDTkRxsEoCNGPATA,5,0.799611108348472,0.8,0.2
ChIJEZjKmqMJDTkR_YzJs9owIhI,5,0.9998653173446655,1.0,0.0
ChIJE_C2GxfjDDkR-hXZcO33uF0,5,0.00076833648781754,0.0,1.0
ChIJEct2-vnbDDkREpc6nVEm_CM,5,0.2000848369178129,0.2,0.8
ChIJEefgc975DDkRMtvbFpfSpBo,3,0.9997573097546896,1.0,0.0
ChIJEfscDYrdDDkRWnjQ9k_6njQ,5,0.9986210942268372,1.0,0.0
ChIJExG1eyD7DDkRL_OZpZYiyHE,5,0.9988861918449402,1.0,0.0
ChIJF-8tweCjDTkRAnd96BosDoo,5,0.9996448516845703,1.0,0.0
ChIJF1rwqbA_DTkRKDUXfcJj9g4,5,0.7974977539852262,0.8,0.2
ChIJF2RXUBEbDTkRc03qDshixcQ,5,0.4000504331372213,0.4,0.6
ChIJF32jzq8bDTkRBUGw8qVoInQ,5,0.6001365598058327,0.6,0.4
ChIJF40SMosZDTkRch0ZBwZJygY,5,0.8000193013809621,0.8,0.2
ChIJF6F7gOEaDTkRsbOosIh1sUk,5,0.6049360157107003,0.6,0.4
ChIJF73zruTnDDkR4fHFPKspu28,5,0.9997776865959167,1.0,0.0
ChIJF7Cpu4YdDTkR64xYubWmXq4,5,0.00027542287716638,0.0,1.0
ChIJF7LqehsbDTkR6XzlZaqz00s,5,0.4000285234389594,0.4,0.6
ChIJF89697MFDTkRfrH0O-4wLtg,5,0.4004266816598828,0.4,0.6
ChIJF8BDSvUjDTkRmTGzo9MYiVg,5,0.8810431003570557,0.8,0.2
ChIJF8i-etEdDTkREtkYnwqAdDg,5,0.4018963077047374,0.4,0.6
ChIJF8uqIgAJDTkREYIBZj_hsKE,4,0.7497149530681781,0.75,0.25
ChIJFQ0O2UAcDTkRbl1w-7nT3-M,5,0.00138008428039024,0.0,1.0
ChIJFRvwjdj7DDkRxXDEolyF2gc,4,0.7506643315427937,0.75,0.25
ChIJFT-i-PoDDTkRrnWEgdqRMJc,5,0.5997787262313068,0.6,0.4
ChIJFT23yP8bDTkRm65IVfSQIsk,5,0.999534523487091,1.0,0.0
ChIJFTUAotnnDDkR1gMoIi3ORdc,5,0.9996768951416015,1.0,0.0
ChIJFTlx8lXlDDkR7DbHlHQwh3c,5,0.8007361847907305,0.8,0.2
ChIJFU3egYQBDTkRy8oUiTdxJ8g,4,0.5001277794872294,0.5,0.5
ChIJFWRRdg0ZDTkRcAYp_1949Kg,5,0.8004978282377124,0.8,0.2
ChIJFXSOmqDdDDkRvjkhVVsePg0,5,0.5992655674926937,0.6,0.4
ChIJFXWsgMwZDTkRvXpQTNJyZlM,5,0.9997592091560363,1.0,0.0
ChIJFY4uPHjfDDkR79j1cq2_-W8,5,0.37921579462708904,0.4,0.6
ChIJFY7fg1cZDTkRPMAAI0HUMwA,5,0.5989416017808253,0.6,0.4
ChIJFZZ_cMbiDDkRyR0HOWvIml0,5,0.9997825384140014,1.0,0.0
ChIJFaVru3bjDDkRrUBWLmUZSM8,5,0.20208506117342032,0.2,0.8
ChIJFdnp4hTdDDkR_KMLdSsdEUU,5,0.20030641196935894,0.2,0.8
ChIJFeqBDI37DDkRUctSZRKKlJs,1,0.0006176914321258,0.0,1.0
ChIJFfwScQABDTkRJvSz1Bp0JRM,4,0.9998450428247452,1.0,0.0
ChIJFyrcK3cBDTkRAplBTYJQlag,4,0.7503209011047147,0.75,0.25
ChIJFzkmDJ4CDTkRPq2Xf7sdeik,5,0.40043775186059066,0.4,0.6
ChIJFzkmDJ4CDTkRf70JRh0UBes,5,0.5996045921143377,0.6,0.4
ChIJFzlAtHoEDTkRWL-rjvV_XKE,5,0.9957359075546265,1.0,0.0
ChIJG-4XjU6pDTkRLwJSSpKCeZo,5,0.2007142886868678,0.2,0.8
ChIJG2fuQYn7DDkRdUMU68JY8hM,4,0.5030065479513723,0.5,0.5
ChIJG56hgj4cDTkR0kDH_XNxj1Y,5,0.39979395163245496,0.4,0.6
ChIJG6IcrxkBDTkRkey4OvsU8RA,5,0.0009137436165474,0.0,1.0
ChIJG6OlprbnDDkRU-OAWAxCg60,5,0.9993441343307495,1.0,0.0
ChIJG6b9UeEDDTkRekt9szIwFig,5,0.400211188843241,0.4,0.6
ChIJG7ishgb9DDkRnIrNWT8PfPM,5,0.7996124958794099,0.8,0.2
ChIJG8FI6_UXDTkRHGRJJxf6O_w,5,0.9998565554618836,1.0,0.0
ChIJG8xOITwZDTkRA5LpEQ9_5hA,5,0.3429161678795935,0.4,0.6
ChIJGQWAe4kFDTkR2wBH2a60Dt4,5,0.40083332305075603,0.4,0.6
ChIJGSgZBUEcDTkRRd8_ULbNj6U,5,0.7950324755627662,0.8,0.2
ChIJGT-mXoQ9DTkRq9y4I-4mxNQ,5,0.8082439541816712,0.8,0.2
ChIJGTTB6-0ZDTkRdIDLpY_uLr4,5,0.5994144101743586,0.6,0.4
ChIJGUDZB-YfDTkRTOuIuy7EK9Q,5,0.600125463551376,0.6,0.4
ChIJGVd7GyYZDTkR72EnTWRzVTM,5,0.9997447490692138,1.0,0.0
ChIJGX2GTD77DDkRkCEj_1vvVpQ,2,0.5000407377301599,0.5,0.5
ChIJGY6rtYz9DDkROGiBI6lGJI4,5,0.20053787106298843,0.2,0.8
ChIJGbsb2uIDDTkRH8ymaGf-FEk,5,0.40018334926571697,0.4,0.6
ChIJGc7ytc77DDkRRxZ5OCed5kk,4,0.9996975511312485,1.0,0.0
ChIJGwNKtJ_iDDkRzM29RVCaCN8,5,0.5863915036432445,0.6,0.4
ChIJGywLmWv9DDkRnxyK623ysBM,5,0.00171968268114138,0.0,1.0
ChIJH6jGmccFDTkR3zHqyC0B97E,5,0.0008135495241730799,0.0,1.0
ChIJH6vik5r9DDkRwaLCMAtRMBM,5,0.6003017768496648,0.6,0.4
ChIJH7uqMgAdDTkRR3AlYABkDHo,5,0.7107858103350736,0.8,0.2
ChIJH8ULB0b_DDkRKtTcs7p2nvc,2,0.5007210234762169,0.5,0.5
ChIJH91iSw79DDkRRbRLxoos7LI,5,0.20201352141448292,0.2,0.8
ChIJH9Crl7sVDTkRASEZWnCtzjw,5,0.6000191974686458,0.6,0.4
ChIJH9rmCoypDTkRE9KvTD1AIoA,5,0.5914134713471867,0.6,0.4
ChIJHR7ZdDj9DDkRSJTP7ahdEpY,5,0.0005458342551718801,0.0,1.0
ChIJHRhUZowjDTkR6J5dsol9s_Q,2,0.9998605251312256,1.0,0.0
ChIJHTk_xiSrDTkRuw-N0yZBD0I,5,0.00087905438267622,0.0,1.0
ChIJHUReadH6DDkRo5MiseFGFZQ,5,0.4016940651694312,0.4,0.6
ChIJHUkIOTQhDTkRvqg7VDi8YEI,5,0.5983598810737021,0.6,0.4
ChIJHY9kQ3oZDTkRFwMKA9zUHhA,5,0.600086735287914,0.6,0.4
ChIJHZoxKrPjDDkRG6jciOAg1Ic,5,0.9997946977615356,1.0,0.0
ChIJHZqb6wsZDTkR3n303iVwJq0,5,0.6110864793998189,0.6,0.4
ChIJH_Tj8koYDTkRej_8iJE6pUE,5,0.6001640088215936,0.6,0.4
ChIJHaWKGvAdDTkR1l7uIkF9HwE,5,0.8012463243678212,0.8,0.2
ChIJHcE1PUsYDTkRk6DOqjzqpVQ,5,0.9998004555702209,1.0,0.0
ChIJHd3Y2QjnDDkRX2J6RMZlSZ8,3,0.33379422203870485,0.3333333333333333,0.6666666666666666
ChIJHfSvKvcFDTkR4vGMEzb0wDc,5,0.00077225201530376,0.0,1.0
ChIJHfZfh2kZDTkRAs6yvHNDDwI,5,0.5999118932348211,0.6,0.4
ChIJHxgBSKEDDTkR2BDdp2oSkYg,5,0.7998956199735403,0.8,0.2
ChIJHyjs3C_dDDkRyM4BTCNh7Sw,5,0.7860269218683242,0.8,0.2
ChIJHyrrFgYFDTkRCzPiQ2YZTo8,5,0.6002454573637805,0.6,0.4
ChIJHz6rlQ0ZDTkR3PLIrgWCYmM,5,0.7979997537040617,0.8,0.2
ChIJHzfXMashDTkRWbUuOutv-AM,5,0.958411180973053,1.0,0.0
ChIJI-7G1TX9DDkR6Whnu2m6VrM,5,0.7993601604714058,0.8,0.2
ChIJI18Xu_8DDTkRFoel4lHlmjQ,5,0.595235262683127,0.6,0.4
ChIJI1C0ziziDDkRKofmqRF3WKE,5,0.2025984578998759,0.2,0.8
ChIJI1fsiqb9DDkRxxtLxlsOTNA,5,0.8112553767859936,0.8,0.2
ChIJI25rymXhDDkRpXprJDubtzQ,5,0.5999195580603554,0.6,0.4
ChIJI2ZTnA0dDTkRcXxM3eh-bRw,5,0.999427330493927,1.0,0.0
ChIJI5Qg-hYeDTkRJPOLBw0uKeQ,5,0.7999089258810272,0.8,0.2
ChIJI69JKUfcDDkRXn3xNhvAIp8,5,0.9978514432907104,1.0,0.0
ChIJI6js6jjjDDkRfSHTcQtq7WQ,5,0.182100091263419,0.2,0.8
ChIJI7P9KOMXDTkRmTNCIVrNgU0,5,0.8009344629012048,0.8,0.2
ChIJIQA2Z7wfDTkRZw25k-8InI0,5,0.8022670166566968,0.8,0.2
ChIJIQRNwakFDTkRRR6RxHgzr8M,5,0.8077577866613865,0.8,0.2
ChIJIVrBSmUHDTkR9fGMGA5NuAA,5,0.4168402856448665,0.4,0.6
ChIJIX4qK5gCDTkRbm67bcxGI7I,5,0.8950912952423096,0.8,0.0
ChIJIYwrZt7jDDkRvGirDdAwW2Q,5,0.20295250633498654,0.2,0.8
ChIJI_krrZ89DTkRYdUZzkyLz3Y,5,0.6002589246607386,0.6,0.4
ChIJIaLpK2UHDTkRbIISKFozkdo,5,0.8000099687138572,0.8,0.2
ChIJIaV9XGr_DDkR-mZh2s1Gu3g,5,0.8000834185630084,0.8,0.2
ChIJIagCv3IZDTkR_J9Y0e95QvU,5,0.016194321104558138,0.0,1.0
ChIJIbuMAirnDDkR1HtuJqkJsPY,5,0.40218061218620277,0.4,0.6
ChIJIx-vIgAHDTkRbubTc7FHDgU,5,0.7966908946167678,0.8,0.2
ChIJIxJHPnEBDTkRdg5tnZH7IOY,5,0.5999164553999435,0.6,0.4
ChIJJ-iCsl7dDDkRD6VpV-uTHQw,5,0.5880631563835778,0.6,0.4
ChIJJ0FnHkH9DDkRTSUSlC-IXoo,5,0.6246227376163006,0.6,0.4
ChIJJ3-uAo0BDTkRkOIZi70cb_4,5,0.06063261557719666,0.0,1.0
ChIJJ7UzRjYYDTkRpXiNxgs1P6I,5,0.0004066414752742,0.0,1.0
ChIJJ7fCIwAfDTkReXn71Uz-ONM,5,0.5999701831373385,0.6,0.4
ChIJJ9wSfkKqDTkRzfuvNoR76ds,5,0.6097610149532556,0.6,0.4
ChIJJUU734WpDTkReu71uFgc1lg,5,0.9712472796440125,1.0,0.0
ChIJJWjGrxEeDTkRwBTPOhzPqgA,5,0.9996840000152588,1.0,0.0
ChIJJZbBIxcdDTkRWHSDuiBGNDc,5,0.5992420286114793,0.6,0.4
ChIJJZbTaLPiDDkR0iCsQ0HteV4,5,0.809266597032547,0.8,0.2
ChIJJ_d6dAr7DDkRuT7Y-9pNcMA,1,0.9998490810394288,1.0,0.0
ChIJJ_yccvHhDDkRZT2M9nML5Y8,5,0.6010997967794538,0.6,0.4
ChIJJbQZ8ej5DDkRgU3unSid7-U,2,0.5080288331955671,0.5,0.5
ChIJJbbr8_T_DDkR-ofOseudRO4,5,0.2028934648551512,0.2,0.8
ChIJJbpqeAA_DTkRB8FYrn7TPF0,3,0.999810536702474,1.0,0.0
ChIJJfVl6mnfDDkRF7gDYYhtgvE,5,0.05576931117975613,0.0,1.0
ChIJJxUVzAkdDTkR3suKEjMZLts,5,0.5765626570791937,0.6,0.4
ChIJK31TtXX7DDkRI07HmBH4rWE,5,0.00104984474019146,0.0,1.0
ChIJK3r5CKMDDTkR3boHlDA8KE4,5,0.5997151111834682,0.6,0.4
ChIJK4VQrrf7DDkRieHJtHdj6j0,4,0.24978810351603897,0.25,0.75
ChIJK4wZZQADDTkRkyUH87huHo4,5,0.8000679185264744,0.8,0.2
ChIJK7IvNhUcDTkRJuiQWy3VMfE,5,0.6002148500527256,0.6,0.4
ChIJK8q9_lrhDDkR6E6lBzzBCxQ,5,0.9998527050018311,1.0,0.0
ChIJKRCAWocZDTkRba7C87Hijs8,5,0.9998025059700012,1.0,0.0
ChIJKREHk7IbDTkRqiqzifn1WX8,5,0.999774980545044,1.0,0.0
ChIJKST1WAIiDTkRsgzAHRBHBv4,5,0.988640034198761,1.0,0.0
ChIJKSxZzWIEDTkRrhjAZD1JDX4,5,0.20093462638324128,0.2,0.8
ChIJKW3RBVIJDTkR_BVHmyNVYN4,2,0.996639460325241,1.0,0.0
ChIJKWnq_wPkDDkR5dlmfoAQhCE,5,0.6000920261431019,0.6,0.4
ChIJKYKSWQAZDTkRGfvUj75CLA0,5,0.999671220779419,1.0,0.0
ChIJKYv_S8jjDDkRIbrMlfnrKF8,5,0.600166951934807,0.6,0.4
ChIJKZXZj4D7DDkRYQ-EvPj5E34,3,0.9990155895551046,1.0,0.0
ChIJKagwI0YZDTkRYT__pYzMFyY,5,0.9996595501899719,1.0,0.0
ChIJKd2x_m37DDkR7eEb4D5R3GM,5,0.999822986125946,1.0,0.0
ChIJKfbCnXodDTkRoHUFJ9xu2HQ,5,0.9997241497039795,1.0,0.0
ChIJKw-RLLoLDTkRAdERPB5Ob7U,5,0.7952143086120487,0.8,0.2
ChIJKxVFie8CDTkRIgB2qqYMcOs,5,0.6381445981562137,0.6,0.4
ChIJKzAS1fPxDDkRIFxmqw8Crug,3,0.3363723227909456,0.3333333333333333,0.6666666666666666
ChIJKzbCdWv9DDkRY_EAFQaTaYc,5,0.20095251402817665,0.2,0.8
ChIJL0f22DLiDDkR3fcJSE_kmw8,5,0.27093624975532293,0.2,0.8
ChIJL2zf1n8ZDTkRrIjmGANW7ks,5,0.9998390197753906,1.0,0.0
ChIJL5ffIAf5DDkRmJFyFnI0A6A,2,0.0004639343896997,0.0,1.0
ChIJL7Vg9KHiDDkRSwZ_W8H-sIY,5,0.9989912986755372,1.0,0.0
ChIJL7sYP6T9DDkRKJECSyhpJpU,5,0.20198346817633137,0.2,0.8
ChIJL7zi_d79DDkRJqh5RcB-sVU,2,0.9997789561748505,1.0,0.0
ChIJL9PXUUv7DDkRRafKbKk_-Ts,1,0.0002028203598456,0.0,1.0
ChIJLQysRQDhDDkRwKEOpvjvpK8,5,0.998996090888977,1.0,0.0
ChIJLSTH2_wHDTkRl-rs7KjuUWo,5,0.7997815726906993,0.8,0.2
ChIJLTUFPQABDTkR2v6CmEIy83o,5,0.9994059085845948,1.0,0.0
ChIJLW-emhIXDTkR-6bqCk1VS9M,5,0.7947154784225858,0.8,0.2
ChIJLX-noAwdDTkRf90CzrP8goU,5,0.20022825145861128,0.2,0.8
ChIJLXBHITYHDTkRXDo-83ErgJ0,4,0.2514699912426294,0.25,0.75
ChIJLXu-o_3kDDkRQFo-tpFQDCk,5,0.20016528418636875,0.2,0.8
ChIJLZVJ9iYZDTkRMIJz2UHHjlY,5,0.9997139811515808,1.0,0.0
ChIJL_M_RmYYDTkRorRddpAJS_E,5,0.39391080461791717,0.4,0.6
ChIJLbvB2x4dDTkR3qHyJO5FV-g,5,0.00042997788405042,0.0,1.0
ChIJLc--96LnDDkRcxUjrcGUL18,5,0.463683967164252,0.4,0.6
ChIJLcI5v2MFDTkRw_UHGetjG_A,4,0.4997851891494065,0.5,0.5
ChIJLe0O0J0CDTkRqLWCYm9HSsE,5,0.7996149160899222,0.8,0.2
ChIJLfHmQTf9DDkRvr36v6n2Heg,5,0.6008317450759932,0.6,0.4
ChIJLfQAWagDDTkRGM0hGwSrAyw,5,0.60075998371467,0.6,0.4
ChIJLynd9bf_DDkR0EYotNf77BE,5,0.798884587106295,0.8,0.2
ChIJM0-S5aAHDTkRRSCWC-TUc4o,5,0.6026490571210161,0.6,0.4
ChIJM1VXRjQZDTkRoBS-7Y_b8qY,5,0.9997119188308716,1.0,0.0
ChIJM3l9UZoBDTkR2_ot_oWf6eg,5,0.4015388345287647,0.4,0.6
ChIJM3miHicZDTkR72x_enKNSXo,5,0.9998281955718994,1.0,0.0
ChIJM5oBwCkDDTkRcugcLbFClE8,5,0.8184811502695084,0.8,0.2
ChIJM6ES7xUdDTkRjzrscxEeS8g,5,0.9486997604370118,1.0,0.0
ChIJM8VeA8kbDTkRx4Flhzxppg4,5,0.8058864708989859,0.8,0.2
ChIJM9UXNmEZDTkRS8oL7LSIarI,5,0.7812654425040819,0.8,0.2
ChIJMTVTdAAHDTkRL4vgks9_bAQ,4,0.2531994367091101,0.25,0.75
ChIJMU1KYbgHDTkRpsomFwCkbQ8,5,0.0006942124979104399,0.0,1.0
ChIJMV2w6CweDTkR-KXGpaExz2Q,5,0.00056935069442256,0.0,1.0
ChIJMVA5uh0BDTkRYl-pVgvlkPc,5,0.5999750922317616,0.6,0.4
ChIJMWavIwCpDTkRz9RcEhXzSA4,5,0.7997487188142258,0.8,0.2
ChIJMZJZ7_zlDDkRz63Sj2pBYPs,5,0.20135709726309864,0.2,0.8
ChIJMZRygAijDTkRpnV6jgoMkYA,4,0.9936493784189224,1.0,0.0
ChIJMdVeUHz9DDkRUb0zQeex0LI,5,0.00077112209983164,0.0,1.0
ChIJMdfEwa4VDTkRNvWJPcjjKvs,4,0.7469738233485259,0.75,0.25
ChIJMdyRYz_9DDkR4yFKmyfjev0,5,0.5763972042244859,0.6,0.4
ChIJMefpUh8FDTkRTvRW7W_PuCw,5,0.5994801971886773,0.6,0.4
ChIJMwA_YpT9DDkRzJ9fraVynnY,5,0.0008395095996092599,0.0,1.0
ChIJMw_YsOX7DDkRIA-FtYIrL60,5,0.9997428774833679,1.0,0.0
ChIJMx8pT70EDTkRuLk3NLaTp4M,5,0.4016015122877434,0.4,0.6
ChIJMxiT1OH9DDkRU1GuGjDKbsU,5,0.43853497235104444,0.4,0.6
ChIJMyjsl_rhDDkRcU3rb0yGJ3s,5,0.6003729503019712,0.6,0.4
ChIJMzJPXKkjDTkRj4J1rgUw_A4,5,0.6001764856511727,0.6,0.4
ChIJMzNKkUYBDTkRBzsD5Gov384,5,0.40130337413866074,0.4,0.6
ChIJN-n7sWnhDDkR4H39boxluks,5,0.8009293202310801,0.8,0.2
ChIJN0M0yEMVDTkR3nuuH7KZn-Y,3,0.6666008069490393,0.6666666666666666,0.3333333333333333
ChIJN4KTK28dDTkRrF7WHMUJV3w,5,0.798909786727745,0.8,0.2
ChIJN4mrAP8DDTkRdYDOnNgL40w,5,0.5333796380320563,0.6,0.4
ChIJN5fZNLn7DDkRY8ODIpzubIY,5,0.013875116256531284,0.0,1.0
ChIJN5u7MekfDTkRGGmz2C41TvQ,5,0.9998005747795105,1.0,0.0
ChIJN6VWM40HDTkRhpq1Mo1G1UM,4,0.7324536591768265,0.75,0.25
ChIJN7SyOloZDTkRk7RKye2AtZI,5,0.398620639485307,0.4,0.6
ChIJN9BQGOwbDTkRiigfGvmr8Yo,5,0.5995289919403148,0.6,0.4
ChIJNQbCLoPhDDkRFI2nnt7W9qE,5,0.8138734474778175,0.8,0.2
ChIJNQkZiF4HDTkRBq76ILZTk7M,5,0.2009429899044335,0.2,0.8
ChIJNSFmGzPiDDkRIiHvp6YOd1c,5,0.9994658589363098,1.0,0.0
ChIJNU3GbwAFDTkRd1SNKICWQos,3,0.99966828028361,1.0,0.0
ChIJNVRyWcgaDTkRj3BVa6ccnAo,5,0.5536100254190387,0.6,0.4
ChIJNW7xfpUjDTkRnk6REafay-g,5,0.7972402323503047,0.8,0.2
ChIJNWPPK70ZDTkRn_uuCZyjmRY,5,0.8017558982595802,0.8,0.2
ChIJNY0f0Q8bDTkRlcDkJHBQLnM,5,0.9998329043388366,1.0,0.0
ChIJNYCvH2QZDTkRjLl3MLSE4S0,5,0.5653390621300787,0.6,0.4
ChIJNZIqYG0bDTkRdTH5rWIGgSM,5,0.7984717145678587,0.8,0.2
ChIJNZsccdYBDTkRmA2oyKRyE9A,5,0.40005342953663786,0.4,0.6
ChIJN_BW_aHdDDkRZ9V9q_co6K8,3,0.996591587861379,1.0,0.0
ChIJNaMuONvjDDkRv5D1tbP4bIE,5,0.9997543215751648,1.0,0.0
ChIJNctazSv_DDkRSNHmM1PkiAA,5,0.9996526956558227,1.0,0.0
ChIJNd3Rgof7DDkRzKLLIAzxI6Y,4,0.01827847587264835,0.0,1.0
ChIJNf0vlaKrDTkRaPkYfpVHJ70,4,0.9890143722295761,1.0,0.0
ChIJNzBkn5wjDTkRLU3D9sUlGGM,1,0.9916963577270508,1.0,0.0
ChIJO-1YhaoBDTkRSjyr7WIIzG4,5,0.7991831391700543,0.8,0.2
ChIJO-kFgCXjDDkRp0o0QV0kfuQ,5,0.20042084719752892,0.2,0.8
ChIJO4HVEPUBDTkRn0LyWHtKEs8,5,0.40656474909337703,0.4,0.6
ChIJO4bEjrL7DDkR_Sj7Ag-P-Pk,5,0.20356203350820573,0.2,0.8
ChIJO4dvLpr9DDkRXrQkso5NLj4,2,0.9962244033813477,1.0,0.0
ChIJO4hRhjABDTkREBVe20xj3tA,4,0.752060326281935,0.75,0.25
ChIJO5LQI-XjDDkRitHWBr5ZqXU,4,0.5043149724369869,0.5,0.5
ChIJO5gx3G0ZDTkRyQkPGNTASN0,5,0.3992040957091376,0.4,0.6
ChIJO6S1YKjdDDkRgT-6xy2HcGU,5,0.40014661734749096,0.4,0.6
ChIJOQBN0w8_DTkR2kC7ccAduAs,1,0.9998787641525269,1.0,0.0
ChIJORerleg9DTkRUm59PSlICrE,5,0.5994044881372247,0.6,0.4
ChIJOSNn5jXnDDkRyFSXt2zfFnM,5,0.40056398386950604,0.4,0.6
ChIJOTDUK3wFDTkR_mzMfRGI7jI,5,0.2127074041898595,0.2,0.8
ChIJOTFgFrkZDTkRtGNiP_WDHVE,5,0.5933389694313519,0.6,0.4
ChIJOW1xC3znDDkRtLeKnObcRHE,5,0.79441520832479,0.8,0.2
ChIJOWkXrRcbDTkROW7di1XMXsA,5,0.5122542376688216,0.6,0.4
ChIJO_r_o_cADTkRGwll3ggET_I,5,0.9995227336883545,1.0,0.0
ChIJOdNvnNkFDTkRX4MD2_JUXeQ,5,0.40008795182802714,0.4,0.6
ChIJOeYjR7WrDTkRgkC5GYzgCSc,5,0.2039916340494528,0.2,0.8
ChIJOw9xHnqyvDsRI5yP40PhcsM,5,0.00863256834563792,0.0,1.0
ChIJP-7LeaE9DTkRHg0KCwS-sEQ,5,0.7991880717920139,0.8,0.2
ChIJP-R4HAg9DTkR4EwItRUAaa8,5,0.9991094470024109,1.0,0.0
ChIJP-z7CgAdDTkR7pLATQ2ZZwQ,5,0.05038019849744153,0.0,1.0
ChIJP1vHsD_cDDkRdzvsWXI8hbc,5,0.20046330931945705,0.2,0.8
ChIJP5TxuNIHDTkRFBc7GO5QuDQ,5,0.2003698173793964,0.2,0.8
ChIJP6BH6_0VDTkRvwuF1c6Yb6k,5,0.999814796447754,1.0,0.0
ChIJP6H9y4PjDDkRCjSUHsc5fjI,5,0.6019643426290713,0.6,0.4
ChIJP6tpxmiqDTkRK1TQg7pafpw,5,0.7999330598366214,0.8,0.2
ChIJP74sbM4JDTkRYsiyuOAPek8,5,0.6001337992609479,0.6,0.4
ChIJP8qaCJ_iDDkR0vVkDdWGYSU,5,0.40016072457656265,0.4,0.6
ChIJP99idcvdDDkRAuPrzOLRVNE,5,0.5994207704556175,0.6,0.4
ChIJP9_r8jEBDTkRXzwQK51rT14,5,0.00044552862527776,0.0,1.0
ChIJPQR11mkEDTkRFscLu0VKDTE,5,0.80028803255409,0.8,0.2
ChIJPRLCi3biDDkRQx5dqErBzrk,5,0.40018291656742805,0.4,0.6
ChIJPU8dg1gaDTkR9av06rlNEBo,5,0.9995931029319763,1.0,0.0
ChIJPVegOR3lDDkRbWNzyX_u8BM,5,0.9997908115386963,1.0,0.0
ChIJPWBpSw0MDTkRIJprdOzTE0U,5,0.7097437650721986,0.8,0.2
ChIJPWZW_gkEDTkRvJ3DTtFoPVQ,5,0.03381856395280916,0.0,1.0
ChIJPWbQh00BDTkRxexTLzPCrVw,5,0.20458900323719714,0.2,0.8
ChIJPZDGPtsYDTkRAw_YJKEwTiE,5,0.9997700214385986,1.0,0.0
ChIJPbBju7WrDTkR4JTqvSWdJZc,1,0.1853013038635254,0.0,1.0
ChIJPdbsEubdDDkREN5Uabi4_aQ,5,0.7999300172523363,0.8,0.2
ChIJPdjkgibjDDkR_QptVlI3l0k,5,0.2130233035888523,0.2,0.8
ChIJPegImFEVDTkRh7SAGGlzcY8,5,0.999766719341278,1.0,0.0
ChIJPeq9RFDnDDkR3ThA8S-1P4Y,5,0.7999170793627854,0.8,0.2
ChIJPfl6An39DDkR9DyzbJAjrXA,5,0.5986590689455624,0.6,0.4
ChIJPfpkEwHiDDkRiS9jVibNSdw,5,0.8122558534145355,0.8,0.2
ChIJPw7BCdE9DTkRhBDLdYRoU2s,5,0.4003113217360806,0.4,0.6
ChIJPwDEgOH9DDkRVZXlK8nS0nw,5,0.999792218208313,1.0,0.0
ChIJPwgrXucFDTkRwjJyjNbunV0,4,0.5041407271346543,0.5,0.5
ChIJPwpn3iIZDTkRtUmKOOXCCSw,5,0.4063947842339985,0.4,0.6
ChIJPxKs_owBDTkRpqyMziMelqc,5,0.999815022945404,1.0,0.0
ChIJPxUsCXj9DDkROxvTLja26mA,5,0.20022540640784423,0.2,0.8
ChIJQ0mCURIeDTkRxSzdLV_yWnw,5,0.8147969022393227,0.8,0.2
ChIJQ0vxHv8fDTkRUeYGo5JciUc,5,0.6005563107552007,0.6,0.4
ChIJQ1QHIZqrDTkRcb5xBvj37zk,4,0.5051133087981725,0.5,0.5
ChIJQ1w43W4VDTkRLtF4zn4EqHM,3,0.0003099592286161667,0.0,1.0
ChIJQ3NDXD0dDTkRhr6qseSsSxg,5,0.400369540695101,0.4,0.6
ChIJQ5QKh-cBDTkRdH8g2foHdjc,5,0.7999051425256767,0.8,0.2
ChIJQQ-msLgZDTkRgftdjITVkXE,5,0.0009677614085375801,0.0,1.0
ChIJQQAAUALkDDkRPlvxqRwJGJo,5,0.9992963671684265,1.0,0.0
ChIJQRp7XsQFDTkRlE3NHxaGmWY,5,0.7992123657255433,0.8,0.2
ChIJQRsr9UXlDDkRZm3Cf8qesPk,5,0.6004121539881453,0.6,0.4
ChIJQSiYSGkeDTkRXBZMMWIbY5s,5,0.9998593807220459,1.0,0.0
ChIJQTH0_aoZDTkR2bqpQS51Gh4,5,0.6000018319697119,0.6,0.4
ChIJQTyWH_v9DDkRWIAPGAhMUz0,5,0.7998056790907867,0.8,0.2
ChIJQW0dhlAbDTkR27QFjwM29j4,5,0.5983171081519686,0.6,0.4
ChIJQXI7f_gHDTkRunuuBt6reZg,4,0.9979062378406525,1.0,0.0
ChIJQXZOlAj9DDkRGt_aiGqrOHk,5,0.5982715206220746,0.6,0.4
ChIJQYncXHQFDTkRJ6acaW9_9Cs,5,0.6032477583736181,0.6,0.4
ChIJQYtC9bIBDTkRtzYGNORyATo,4,0.0010959153551084,0.0,1.0
ChIJQ_bOxt8BDTkRAmvBpYtyb_U,5,0.0015158461523241602,0.0,1.0
ChIJQahY2GoFDTkRf9MrvyfY8Wo,5,0.39956826316192745,0.4,0.6
ChIJQb2D4b8DDTkRq0dRnD7Y1VI,5,0.00050257193797728,0.0,1.0
ChIJQcH65xwdDTkRcF0kAI2f3WI,5,0.6001057446235791,0.6,0.4
ChIJQw7XRwcjDTkRUpAE-J_C2JY,1,0.0008594642276875,0.0,1.0
ChIJQxM3RNLjDDkRpfU_0WZcbw8,5,0.40013488359982147,0.4,0.6
ChIJQyBpbkVrDTkRN-vCqZuLFWc,5,0.4161541623674566,0.4,0.6
ChIJQzZSoT0BDTkR37w2w39jxbY,5,0.30973197311977857,0.4,0.6
ChIJQzynNDjcDDkRwyLgZhp-JWY,5,0.8009909205138683,0.8,0.2
ChIJR-G7XwX9DDkRB5h2b4-759I,5,0.5948953298095148,0.6,0.4
ChIJR-WL4m3iDDkR4jurspZOnwQ,5,0.0027575838612392,0.0,1.0
ChIJR1FVbAgiDTkR3NiZViDPc1w,5,0.00064349574095102,0.0,1.0
ChIJR2D6ioQXDTkRBDwuY3-75P0,5,0.2018503403407521,0.2,0.8
ChIJR3-TfVQZDTkRhVHU7cnbjZw,5,0.39936273158818947,0.4,0.6
ChIJR3VQqa0ZDTkRTEA4kYW9eMo,5,0.5993762080615852,0.6,0.4
ChIJR3a0cswFDTkR9VOW8hki9K4,5,0.28588493929128156,0.2,0.8
ChIJR4Lniwz7DDkR5BZxf723LKk,4,0.25047123702825047,0.25,0.75
ChIJR5pu8ZwVDTkRx681RQEg5Bk,1,0.9993721842765808,1.0,0.0
ChIJR72LhAciDTkRwAKmjg0lFv4,1,0.0003816748503595,0.0,1.0
ChIJR7opKkHnDDkRu2lSbe2ecIE,5,0.7993215075111948,0.8,0.2
ChIJR8UMrJgCDTkRNFgwNsDuAtI,5,0.5998869755188935,0.6,0.4
ChIJRQKY9bMYDTkRfXgi7aldg6E,5,0.9996918439865112,1.0,0.0
ChIJRRAaARsbDTkRAOMdB2wOkw4,5,0.21030768333584998,0.2,0.8
ChIJRRr_gFYjDTkRVtJ9ZdjdHTs,5,0.9998048901557922,1.0,0.0
ChIJRSLL8FUZDTkRdDJEkxGactk,5,0.4891710721538402,0.4,0.6
ChIJRTIaDoXjDDkRo05ATdzGmF4,5,0.40668039811425843,0.4,0.6
ChIJRU-t04EYDTkRvvJW6Wqkwes,5,0.9996797442436218,1.0,0.0
ChIJRUCw2qIFDTkR48WVAJkMcjM,5,0.0004774768254719,0.0,1.0
ChIJRU_hfK0ZDTkRmuwgwPQ_cDM,5,0.9997485876083374,1.0,0.0
ChIJRYVcMn8_DTkRjwOiyekkc18,5,0.9997026920318604,1.0,0.0
ChIJRZ8E8Qz9DDkRaDxap1se5-g,5,0.4107070381287484,0.4,0.6
ChIJRZaLkZkbDTkRkJRD2nrcKFs,5,0.566822286270326,0.6,0.4
ChIJRdQiFUo8DTkRlKBQhTQKzPo,5,0.6142008169554174,0.6,0.4
ChIJRxl2lZz9DDkRGh5PhQDS_SA,5,0.4023257700959221,0.4,0.6
ChIJRyNm3GD9DDkRUDuZ6cJXPy4,5,0.40045112641528247,0.4,0.6
ChIJRz8fTtb7DDkR35WthLi8XWg,5,0.0011831048730527398,0.0,1.0
ChIJRz9E5sELDTkRP0iz7bKL2qA,5,0.40013748334895355,0.4,0.6
ChIJS-KftYABDTkRmu7Uh_Lzeqg,2,0.4942660556625923,0.5,0.5
ChIJS0aYLBwjDTkRg1kvuwxqGGk,5,0.8010080659762024,0.8,0.2
ChIJS49M_lcZDTkRKyK8H7uO5Gc,5,0.9998399615287781,1.0,0.0
ChIJS4Ok5QoZDTkRvuSk45jH_qw,5,0.19887447453220375,0.2,0.8
ChIJS51qEH4ZDTkR5-RJJbhYIZk,5,0.7998207248398101,0.8,0.2
ChIJS6pNJr4ZDTkRU4iPl8B64uE,5,0.9959301948547363,1.0,0.0
ChIJS9nAr1DdDDkRYZcXozkGok0,5,0.9386960029602051,1.0,0.0
ChIJSQ2YOw8iDTkRoX6IDTHFSr8,5,0.5915509373415262,0.6,0.4
ChIJSQVKhP4hDTkR2I0YM9eyqOA,5,0.6398646414279938,0.6,0.4
ChIJSS6OdLcFDTkRIf0z1kCxSfw,5,0.8065388157963753,0.8,0.2
ChIJSUAGLTjcDDkReJYvgFOryxU,5,0.4013951213506516,0.4,0.6
ChIJSW4lHx7lDDkR2uhhO7q7SH8,5,0.6014388214971405,0.6,0.4
ChIJSXFOGecZDTkRR7ECThr6qcM,5,0.31277843250427395,0.4,0.6
ChIJSY21bsX9DDkRkp0mg84Qa64,5,0.6242760330438614,0.6,0.4
ChIJSY_gO7D7DDkRmVyrZwyfxGw,5,0.4024464594258461,0.4,0.6
ChIJSYldhsvkDDkRzAmX8vxgfs0,5,0.8077871084213257,0.8,0.2
ChIJSZffIU3kDDkRuDXcAje-AKo,5,0.6013942494755611,0.6,0.4
ChIJSbK5LDjcDDkRNyRcRHo4DI0,5,0.4001104513881728,0.4,0.6
ChIJSbtGxVI8DTkR1n3vqBK1m5I,5,0.7999875441426412,0.8,0.2
ChIJSbvehE48DTkRMs0PN6iblgk,5,0.00098891115339934,0.0,1.0
ChIJScWYucUGDTkR2nasp1YBYkU,5,0.5992656103800982,0.6,0.4
ChIJScfQWH77DDkRSkN5qnZY4gs,5,0.4002726587757933,0.4,0.6
ChIJSdIsddsbDTkRV8hWeRdlXpg,5,0.9996050119400024,1.0,0.0
ChIJSdUxIfqpDTkRb6Y2Nt719Gs,5,0.42075717892148534,0.4,0.6
ChIJSfJXLaADDTkR3n9-HoFizwU,5,0.400585109408712,0.4,0.6
ChIJSfTjlIYXDTkRJjVdzF94PSM,5,0.5191261721774936,0.6,0.4
ChIJSfZsve4ZDTkR-sn6fGbQcH0,5,0.9998557686805725,1.0,0.0
ChIJSw2XgVADDTkRqIELwjHJgn8,5,0.39985952693386934,0.4,0.6
ChIJSweSUaznDDkRiDsGkG487WY,3,0.9981624285380045,1.0,0.0
ChIJSxK4WHb9DDkRfUCoVOoXhdo,2,0.5000281086977337,0.5,0.5
ChIJSyEeQxUcDTkRtP518kGmaNs,5,0.43297674661152996,0.4,0.6
ChIJSy_yupgCDTkR3sp_8N4urK8,5,0.9992071866989136,1.0,0.0
ChIJSzkGUSv7DDkR43AJnSSLgjU,5,0.8016293065622448,0.8,0.2
ChIJT-DMdTkZDTkRiN-ft-zozUQ,5,0.9997820973396301,1.0,0.0
ChIJT1_dZwDjDDkRnebfK5pM3Es,5,0.6000035325065255,0.6,0.4
ChIJT4ODZAAHDTkR9brqKcecYjw,4,0.9996867328882217,1.0,0.0
ChIJT4jvxKGrDTkRnzdf-hiY6nU,5,0.2823897718568332,0.2,0.8
ChIJT6HNpJQZDTkRGu2XPHz05z8,5,0.9998480916023255,1.0,0.0
ChIJT8kShEAZDTkRl2U1GRhAYN8,5,0.5957190608372912,0.6,0.4
ChIJT9rE5V_9DDkRMhhHsDLqGkY,5,0.41345151263521984,0.4,0.6
ChIJTQ2erOLdDDkRB_-qK1Sz1Ek,5,0.9998016119003296,1.0,0.0
ChIJTSw1U9UXDTkRPNDA5dxjbTw,5,0.5096039278025273,0.6,0.4
ChIJTSydK80ODTkRjEXXevFZBSU,5,0.4211815325252246,0.4,0.6
ChIJTUFs_sgPDTkRRTNBP_KT_dg,4,0.9987106323242188,1.0,0.0
ChIJTUJpHx3iDDkRYzj9vx7KJRE,5,0.3996796440129401,0.4,0.6
ChIJTUvWM5MYDTkR3hEIs_noaC8,5,0.9998194694519043,1.0,0.0
ChIJTW2J7Yv7DDkRoaEMVYMmb-0,5,0.3817679985513678,0.4,0.6
ChIJTWxjE0z9DDkRWK-rr0q_d7w,5,0.40748379863798617,0.4,0.6
ChIJTYaPJtkdDTkRueyL3cN2yXA,5,0.400134553614771,0.4,0.6
ChIJTZYJvY8BDTkRMqD9vfIeu3I,5,0.9998294472694397,1.0,0.0
ChIJTZiw9_P9DDkRCKU-wU7cgV8,4,0.9997722655534744,1.0,0.0
ChIJTcaicyDjDDkRriIeJG6QFM8,5,0.647756744956132,0.6,0.4
ChIJTcnx04QbDTkRo45mfpW2-bg,5,0.3995846098317998,0.4,0.6
ChIJTeJUmFIeDTkRFeI22keK9so,5,0.7998588151996956,0.8,0.2
ChIJTelod2r9DDkRNcR4Skjiyg4,5,0.40528811812400817,0.4,0.6
ChIJTfkiOAcFDTkRL9cLd2gw-Fw,5,0.9985641717910767,1.0,0.0
ChIJTxZARVUZDTkRpaG7WjvgWiI,5,0.9994946837425231,1.0,0.0
ChIJTyIAIiXjDDkR2cdGhralCKc,5,0.7999258839816321,0.8,0.2
ChIJTyMFBar8DDkRR_cmTPi5jkw,5,0.0030929650238248996,0.0,1.0
ChIJU3oKZUD9DDkRkIDqiY8COb0,5,0.5720999988378026,0.6,0.4
ChIJU5ZfTy3nDDkREzNyq06aZjA,5,0.9998650431632996,1.0,0.0
ChIJU5k0fwAZDTkRO_rImIrqbtA,5,0.8381047427654267,0.8,0.2
ChIJU6eIyfUXDTkRunuHeTS9MaA,5,0.20048712815623726,0.2,0.8
ChIJUQ3mbVndDDkRlkR4HMW7AVA,5,0.9997995734214783,1.0,0.0
ChIJUQAAACQCDTkROgV0toDmdlM,5,0.6004390120855533,0.6,0.4
ChIJUQXBdgXdDDkRanjpvTLK7f0,4,0.7486621060306788,0.75,0.25
ChIJUQbQB0L9DDkR4kMbtnRzQps,5,0.3994688975508325,0.4,0.6
ChIJUVEwtnIfDTkRUKif-DLwqfg,5,0.4028211808297783,0.4,0.6
ChIJUW2yCxEZDTkRJV_Mf597aw8,5,0.9997229814529419,1.0,0.0
ChIJUXEBCwAbDTkReAT2lErQcEA,5,0.9998250246047974,1.0,0.0
ChIJUXQfIkD9DDkRcVucp8aFAD8,5,0.9995240330696106,1.0,0.0
ChIJUXcJCEEcDTkRoT8BaaFhuUI,5,0.798922436038265,0.8,0.2
ChIJUXyGwzsBDTkRpCTgSan0Boc,2,0.5025250283069908,0.5,0.5
ChIJU_13687dDDkRfu5EYp6gax4,5,0.7998014213400892,0.8,0.2
ChIJUa9kJyUZDTkRCLz0DgmLSlY,5,0.9996894836425781,1.0,0.0
ChIJUaBSPtUFDTkRyZQihsgC1wU,5,0.0020624522410798403,0.0,1.0
ChIJUc57VzMHDTkRg3Uh88w6Gbk,5,0.6131822689902038,0.6,0.4
ChIJUdP3Rpb7DDkRtlGlfq_41wA,5,0.9998166680335998,1.0,0.0
ChIJUdsPbuIdDTkRqpgi2i7xKkI,5,0.0004987207124940599,0.0,1.0
ChIJUe6L_IT7DDkRZIuJu1OTSfA,5,0.5586154626042117,0.6,0.4
ChIJUx74utsZDTkRjuDrM8CnZM0,5,0.9996878862380981,1.0,0.0
ChIJUxuFTVgFDTkR-tVbVFQAC58,2,0.9994269609451294,1.0,0.0
ChIJUy66hJ79DDkRvKr2xkN1Cms,5,0.6001259277923964,0.6,0.4
ChIJV4_uqVXdDDkRhSjJem1l21I,5,0.7999203252926236,0.8,0.2
ChIJV5-5zT8ZDTkRZVbc0L1G0SU,5,0.6740604846738278,0.6,0.4
ChIJV5m_Ty8dDTkRyHJJlJvPEAk,5,0.10173124147404447,0.2,0.8
ChIJV74mnnepDTkRmASnP8cOCy4,4,0.999224454164505,1.0,0.0
ChIJVSfh4c8FDTkRe54mRvZAn0E,5,0.33598713131505065,0.4,0.6
ChIJVSz7rbgFDTkR72aXE2MlSsY,5,0.7997927100688684,0.8,0.2
ChIJVT5iTz_9DDkRIMfaom19syQ,5,0.5998939057521057,0.6,0.4
ChIJVU6JSPD5DDkRQUOY5xnNBmo,3,0.0037813704499664,0.0,1.0
ChIJVUoo7YYADTkRzH-CkpoBxOM,5,0.799941546912305,0.8,0.2
ChIJVVVVJXjiDDkR8LEuFu326Ss,5,0.20018184590153396,0.2,0.8
ChIJVVVVJdQDDTkRyYcuYnqjUqc,5,0.5997527188505046,0.6,0.4
ChIJVVVVVWj9DDkRiPICBGicnJk,5,0.0323980890185339,0.0,1.0
ChIJVVVVVYUbDTkRhQCZRO1qOUE,5,0.7311504509183578,0.8,0.2
ChIJVVWF8pwCDTkRqM8xtxxMbm0,5,0.39435031879111193,0.4,0.6
ChIJVWI3S-MfDTkRWw65C3hVwe8,5,0.2022147249663248,0.2,0.8
ChIJVYMKBmgNDTkRj8J6SsyjxSo,5,0.9997999787330627,1.0,0.0
ChIJVYx7WkYZDTkRLSo5i62rT3Y,5,0.7998987629893236,0.8,0.2
ChIJVZv6HQD7DDkRuvanyn__P7A,5,0.00037492909759744,0.0,1.0
ChIJV_KLIUD9DDkRW62Ipndqqnw,5,0.25856712931999937,0.2,0.8
ChIJV_KLIUD9DDkRyK187fZFk-k,5,0.6004198076960165,0.6,0.4
ChIJVb3KwfkBDTkRSXdPeP0lRbs,5,0.20063043764967,0.2,0.8
ChIJVbCrbc8jDTkRq4eovlKi9kE,5,0.40005998134147375,0.4,0.6
ChIJVbuUnf6rDTkR5fEqj8mUzJ0,4,0.001224731167894725,0.0,1.0
ChIJVc-6iDLcDDkRYFx6THP4ASc,5,0.26547947368235325,0.2,0.8
ChIJVc6eI2IDDTkRDzKffVzg-is,5,0.7997085546376184,0.8,0.2
ChIJVcq7PHb_DDkRvXTkH3L2FNM,3,0.6683067083358765,0.6666666666666666,0.3333333333333333
ChIJVee69IHnDDkRFJKRVfqe5nw,3,0.6679190158223113,0.6666666666666666,0.3333333333333333
ChIJVfDBDED7DDkRZxEYfTxUVsg,5,0.6004519145470113,0.6,0.4
ChIJVxBqNycHDTkRspbBVn_5Rag,5,0.9998159170150757,1.0,0.0
ChIJVxkydJSrDTkRnG45rv9eC_g,5,0.9998778343200684,1.0,0.0
ChIJVyec7RQDDTkR4XxDwRD94Aw,5,0.60033263056539,0.6,0.4
ChIJVzbidAD_DDkRv-MDCrl-Ka0,5,0.38831328155647493,0.4,0.6
ChIJW000QPcZDTkR2q-1cDbfges,2,0.9991900622844696,1.0,0.0
ChIJW0SQRxT9DDkRBGrOcSzO88g,5,0.600199881294975,0.6,0.4
ChIJW1fDLSUbDTkRityti1y0TWk,5,0.5995688273047562,0.6,0.4
ChIJW2SoYy_5DDkRo4lNAEzFY1I,5,0.5321129564428702,0.6,0.4
ChIJW2w4ran8DDkRoFkWIhzXKxk,5,0.7998910945985699,0.8,0.2
ChIJW2xl_aT9DDkRXJh6k_z5vC4,5,0.6074620764469728,0.6,0.4
ChIJW5dO58MfDTkR0IkpjGctiBY,5,0.5967993426835164,0.6,0.4
ChIJW5do3zkFDTkR4EgaTWFczG0,5,0.20774834220646876,0.2,0.8
ChIJW6btYiX7DDkR-wBnM_9K9bE,5,0.999777328968048,1.0,0.0
ChIJW6e21DgADTkRH8BsMhBw3jQ,5,0.3999166573106777,0.4,0.6
ChIJW9lffGEPDTkRKS5A-LwG5AU,5,0.9998383522033691,1.0,0.0
ChIJW9pNqsgFDTkRuLtIJdxTt7I,5,0.1960839261882938,0.2,0.8
ChIJWRkUo-8DDTkRI5QgI0OqdsI,5,0.21137602925009555,0.2,0.8
ChIJWT9tW5AdDTkRrVM7VtKZjw8,5,0.21060315772192553,0.2,0.8
ChIJWUK7TDoZDTkRdp-9-g52j1k,5,0.7858420566655695,0.8,0.2
ChIJWUsSGaMZDTkRl5tZNykJQlM,5,0.2001769560592947,0.2,0.8
ChIJWVTdOtkGDTkRqhpoxf-FT6A,5,0.20026376426103526,0.2,0.8
ChIJWWO7DjcYDTkRxCyu50Z5ppo,5,0.5995972201111727,0.6,0.4
ChIJWWh9-XjdDDkR5HcuTf_TKY4,5,0.20034647104330355,0.2,0.8
ChIJWZJF18sYDTkRlMhB1jn6drk,5,0.6004507522156928,0.6,0.4
ChIJW_GtJlH9DDkRLk8zWDBpE8g,5,0.7998453679028898,0.8,0.2
ChIJWdjKacEZDTkRJ9Sdiz-wiEo,5,0.40010971190058625,0.4,0.6
ChIJWdsZcpYDDTkRbJ9VIM03aUs,5,0.7987781873554922,0.8,0.2
ChIJWeQkGvn9DDkR472-MKgiClU,5,0.799794564495096,0.8,0.2
ChIJWxJ1vDscDTkRtxnxwLjdnK4,5,0.0026191086857578995,0.0,1.0
ChIJX4jrIjbjDDkRXXZoolO_JAw,5,0.9988914608955384,1.0,0.0
ChIJX4oJPJ0ZDTkRtTXBpkiY5Bs,5,0.3930081337108276,0.4,0.6
ChIJX6pW1UYcDTkRgiws2YCBsJw,5,0.6130018063529861,0.6,0.4
ChIJX7C574UZDTkRYfqnTVhY8-k,5,0.5998371877183672,0.6,0.4
ChIJX7S4gF4ZDTkR1muRn56eJLM,4,0.7499177916688495,0.75,0.25
ChIJX7ZyGED9DDkRuBBONr3Eijs,5,0.20436895164311863,0.2,0.8
ChIJXRvWOpkCDTkRmsdHCqu8KnI,5,0.6003514778974932,0.6,0.4
ChIJXSzSTs8VDTkRG66LLYu27cE,5,0.9948615074157715,1.0,0.0
ChIJXUHMYQ_fDDkRaJWmhG4TZa4,5,0.40044968682341275,0.4,0.6
ChIJXXRN7bsbDTkRiO1syjt3AM0,5,0.6000931231421418,0.6,0.4
ChIJXXb5yrQbDTkR_05IqXAO8_w,5,0.8003816084004939,0.8,0.2
ChIJX_nDWw4bDTkRyBuwCgrqmNQ,5,0.0009680475224740399,0.0,1.0
ChIJX_p5Lu0dDTkRqOKPEmR2EB4,5,0.7999874248169363,0.8,0.2
ChIJXaRnw_8BDTkREb1cB8_n2Xs,5,0.20115883789840155,0.2,0.8
ChIJXcsvGhodDTkR2RGRqqx66ro,5,0.6000567186216358,0.6,0.4
ChIJXdmXL30EDTkR5YJTrNiByBs,5,0.9990558981895447,1.0,0.0
ChIJXeSnHXIHDTkRprqwYbtYCHg,1,0.9998437166213988,1.0,0.0
ChIJXw3kOk8ZDTkR5BoYbGOlxWQ,5,0.20064049047068694,0.2,0.8
ChIJY-4p2XsVDTkRMuT0wXQAdrI,4,0.5000473506297567,0.5,0.5
ChIJY009gVIXDTkR68MwDX50jN8,4,0.4912697270883654,0.5,0.5
ChIJY1IE51RrDTkR9LtkvGG2rMs,2,0.47145583835663274,0.5,0.5
ChIJY2tQYgD7DDkRiK5qtxTSXfk,5,0.00320034303003916,0.0,1.0
ChIJY6Gyi5UCDTkRmjXmCUzwY6w,5,0.8000468137324788,0.8,0.2
ChIJY6PJh2kcDTkRybb5KBGcqIY,5,0.9993683457374573,1.0,0.0
ChIJYUkV8fX9DDkR-9ztjCtkqNw,5,0.99974445104599,1.0,0.0
ChIJYWObOR_lDDkRC3aMeHig0Mw,5,0.7998959162505344,0.8,0.2
ChIJYY6UxeYBDTkRtEgy5tQBGbA,5,0.40030206585070116,0.4,0.6
ChIJYY9nHyf9DDkRjAdngMvn48Q,5,0.99829660654068,1.0,0.0
ChIJYYEN1ewHDTkRc3o8PiMnX34,5,0.5999989295843988,0.6,0.4
ChIJYZ4wOkEcDTkREEowD3Q59Fc,5,0.0011428212805185,0.0,1.0
ChIJYZTxSwEBDTkRT9D2NJmj2bE,1,0.0005627720966003,0.0,1.0
ChIJY_BPJDYYDTkRkHZ4zEVDmxg,5,0.7987696371390485,0.8,0.2
ChIJY_EghyX7DDkRdLZUY8bAyvg,5,0.7998869581439066,0.8,0.2
ChIJYbCLDMP7DDkR1-R0n48fg2I,5,0.0008111577859380599,0.0,1.0
ChIJYbW5sPMfDTkRNEz9-03Tl54,2,0.5001710124488454,0.5,0.5
ChIJYbdlwT3fDDkRR4j0lgH9GwQ,5,0.9997087478637695,1.0,0.0
ChIJYbxMPKkHDTkRon3sfcme-3w,5,0.00125886438181618,0.0,1.0
ChIJYcr6_KTdDDkRa9EYt-jNc1Y,5,0.2002339090977329,0.2,0.8
ChIJYcsBST0ZDTkR5eL0sZwm_rI,5,0.9998525381088257,1.0,0.0
ChIJYd2edCEPDTkRXh72EOAVeTg,5,0.7999204734223895,0.8,0.2
ChIJYdNoMrwCDTkRFluyHeSqGoI,5,0.6039710285607726,0.6,0.4
ChIJYdhm_qcYDTkRuOoWmtPIXio,2,0.0002520740090403,0.0,1.0
ChIJYfWy3MIYDTkReIo6KYRj6yw,5,0.7999871339299716,0.8,0.2
ChIJYfbuyGUbDTkREm2SGwov630,5,0.20017858260835056,0.2,0.8
ChIJYfoVs1v9DDkRM9L-6Z-zHdg,5,0.00741328646545294,0.0,1.0
ChIJYwWeSWEbDTkRDX74PgkC5qU,5,0.805864504724741,0.8,0.2
ChIJYxr1NN_7DDkRDUsJ4DgCEyw,5,0.00066152394574598,0.0,1.0
ChIJYy_XeOQbDTkRK2NfXsfpEEE,5,0.40019002799526787,0.4,0.6
ChIJZ-6qctYdDTkR9AxnmCK-SMw,5,0.5065170130226762,0.6,0.4
ChIJZ03D9-X_DDkRDe5lPjcYyWg,5,0.9976930975914001,1.0,0.0
ChIJZ15qheAHDTkRTBlaPob9Hjs,5,0.00070895401295268,0.0,1.0
ChIJZ3M-4pwCDTkRzGqi6XmAYD8,5,0.3983660897705704,0.4,0.6
ChIJZ8qlyNIODTkRGzLMscwXcVg,5,0.7996908826404251,0.8,0.2
ChIJZQCmAjEZDTkRwrCenXr9HJ4,5,0.8001863692654296,0.8,0.2
ChIJZSEVrPHlDDkRZ5C2vrpZXRM,5,0.40072855968319343,0.4,0.6
ChIJZSK5CTYZDTkRfA7occujCkk,5,0.7998778292152564,0.8,0.2
ChIJZSlK1MrjDDkRjZgS3iDnj1w,5,0.20204578521661457,0.2,0.8
ChIJZSmFMJkZDTkRohYgeUnNxxI,5,0.9997226238250733,1.0,0.0
ChIJZV2pMp4CDTkRKjabTG-yEYc,5,0.20079108776990323,0.2,0.8
ChIJZVHCl2ocDTkR4FUy2t2OM2c,5,0.9995231986045837,1.0,0.0
ChIJZYZCov4ZDTkR0xTOhZJFEAI,5,0.6000260674627498,0.6,0.4
ChIJZ_Ph8UP9DDkR3ZwIJeTmtoA,5,0.40065125801193063,0.4,0.6
ChIJZazyR6vdDDkReF4YzZwjGLw,5,0.8001846564467996,0.8,0.2
ChIJZcuFGLkZDTkRsbttoM1gL2w,5,0.01354513934347774,0.0,1.0
ChIJZfR22t4DDTkRGeZis44ky1o,5,0.7966218867950374,0.8,0.2
ChIJZyIlaxwZDTkRlnVSGo9liHo,5,0.8000178030692041,0.8,0.2
ChIJ_-A3ZQA9DTkRohlfyHDiSeU,2,0.9998751282691956,1.0,0.0
ChIJ_-aIgzIYDTkRBlQb3cm8lhA,5,0.5997403170971666,0.6,0.4
ChIJ_2COEUEcDTkRRyJOt032yac,5,0.9998338341712951,1.0,0.0
ChIJ_2UShLkZDTkRuxpjX8R1uP8,5,0.9994471907615662,1.0,0.0
ChIJ_2XTFpEbDTkR_wloHcUNR5g,5,0.20022660195827485,0.2,0.8
ChIJ_4_TU0JrDTkRyysHVRMOMlY,4,0.5064530894160271,0.5,0.5
ChIJ_5Hg9YIFDTkRXwEXjrDM4mM,5,0.7821619282010943,0.8,0.2
ChIJ_5tYXsvjDDkRSqUQm4XD8P0,5,0.7965474929660559,0.8,0.2
ChIJ_6WIiowZDTkRWY5b3ANJGR8,5,0.9994553923606873,1.0,0.0
ChIJ_6r0CQmrDTkRA9wwZDVV-LE,3,0.008301313617266668,0.0,1.0
ChIJ_8JzTlsDDTkRbbgJvd3R7J8,5,0.748628112860024,0.8,0.2
ChIJ_9rw7eAFDTkRqnPuRhVAmcE,5,0.0009422545845154199,0.0,1.0
ChIJ_RV61HsHDTkRAWWXg1KJw4k,5,0.3979237668478162,0.4,0.6
ChIJ_RzqqisFDTkRYxg7FcLYFkg,5,0.400410185198416,0.4,0.6
ChIJ_SPfEQOrDTkRvvuzVUspwgQ,3,0.33291221339216764,0.3333333333333333,0.6666666666666666
ChIJ_TgOBC77DDkRn-cT52fWX4g,5,0.20054037174559197,0.2,0.8
ChIJ_VWw2m0FDTkRNLPQlWkE8Bo,5,0.00037911176623306003,0.0,1.0
ChIJ_XGJiqsVDTkRsDGzPDq1p6Q,5,0.7962571925483644,0.8,0.2
ChIJ_XfWkV0DDTkRV-MWftStFZY,5,0.9998666048049927,1.0,0.0
ChIJ__9Cj5v9DDkRsjHV7byyVaw,5,0.00492173640232064,0.0,1.0
ChIJ____Qq3jDDkRUN3S8QF_1Ec,5,0.40443624118634036,0.4,0.6
ChIJ_____1DcDDkRKENDYcDWJ98,5,0.9989112019538879,1.0,0.0
ChIJ_____28-DTkRl1V_FzJyhHA,5,0.6014591939107049,0.6,0.4
ChIJ_____5wCDTkRudqX6MHuX78,5,0.38770799548656215,0.4,0.6
ChIJ____b0MADTkRbiV2o9JWBTw,5,0.2339173565385863,0.2,0.8
ChIJ____v1M8DTkRORbMFsPZdfY,5,0.7711272144224495,0.8,0.2
ChIJ____v_wYDTkRhZscYezopi4,5,0.9998289942741394,1.0,0.0
ChIJ_aDnf8sVDTkRnJ0EHXJQld4,5,0.9980504393577576,1.0,0.0
ChIJ_b5_2h8XDTkRH-3grjWSpsI,5,0.4210737942717969,0.4,0.6
ChIJ_cETkuP_DDkRhX8mgtJsk20,5,0.6000051998184063,0.6,0.4
ChIJ_xQYuMUGDTkRBSlXLNO45WY,5,0.2005052797292592,0.2,0.8
ChIJ_y1TYvz9DDkRN-aFtSMAKCs,5,0.0008835971326333798,0.0,1.0
ChIJ_yPZ5d4fDTkRzAGMFkC6CGQ,5,0.9990778207778931,1.0,0.0
ChIJ_z56lUH9DDkRhf379R0nNTM,5,0.7994918123004027,0.8,0.2
ChIJ_zxrm-cHDTkRc_Jjh14DsCg,1,0.001475955476053,0.0,1.0
ChIJa0S09SwYDTkRYlUWmvR1zMg,5,0.7999267792794853,0.8,0.2
ChIJa11F3PThDDkRiXUu-XFCPsM,5,0.9746317148208619,1.0,0.0
ChIJa1Ew2zQdDTkRoVtBcorX4Nw,5,0.40089699783711696,0.4,0.6
ChIJa2KZCt77DDkRKDW7Yi-oHV0,5,0.0017646458349189799,0.0,1.0
ChIJa2MsH6MCDTkR2k0d3sh8BGU,5,0.6018612560816108,0.6,0.4
ChIJa2dbPJkCDTkRh57e5vMUkj4,5,0.40013439785689114,0.4,0.6
ChIJa3V2bkYYDTkRXORa3zzhsTw,5,0.39776087056379766,0.4,0.6
ChIJa40AUI4dDTkR9i55mAwMWqE,5,0.4020038016373292,0.4,0.6
ChIJa4Td0z8jDTkRPG1sCr5IS5o,5,0.2009249322814867,0.2,0.8
ChIJa5dF22oZDTkRQ2KjgHaw2d8,5,0.9893764972686767,1.0,0.0
ChIJa6yw1-AZDTkRqNKlmkNQJ_I,5,0.9998494148254394,1.0,0.0
ChIJa8DmBlkZDTkRmCx2X4Z5BuU,5,0.7983545321563724,0.8,0.2
ChIJa8gPi4Y9DTkRTPXvb9eCpQg,5,0.7998626863904065,0.8,0.2
ChIJa9fUXWDjDDkREFvr2Csh_lQ,5,0.20204202345921657,0.2,0.8
ChIJaQdz0fEVDTkRUSxN6XkGWfo,4,0.5004308135030442,0.5,0.5
ChIJaQpZ9tsdDTkRt-gxwpbrYSw,4,0.23604069439170408,0.25,0.75
ChIJaROo4qIXDTkRp83S4LarHGg,5,0.999773895740509,1.0,0.0
ChIJaUH1g7YZDTkRwGo7eJ6sXow,5,0.7999318858957849,0.8,0.2
ChIJaV7NaqEPDTkRd7n9IfLtJik,5,0.5999336414330173,0.6,0.4
ChIJaWaDFCkdDTkR0-v3D-Mz6BA,5,0.4002489229547791,0.4,0.6
ChIJaWnPPIYFDTkR5G99LKfy-d0,1,0.9995038509368896,1.0,0.0
ChIJacclYuwZDTkR5UZdmKWu_90,5,0.9995213150978088,1.0,0.0
ChIJacydQs0BDTkRlTfsjoQdjLA,5,0.7998702578654047,0.8,0.2
ChIJadUD2mn9DDkR9T7bQcD1ErY,5,0.40030675336602145,0.4,0.6
ChIJaf9ECAAZDTkRC8nY0G2d1SY,5,0.4006525608012453,0.4,0.6
ChIJawhvr7PnDDkRzK8CptG0rAo,5,0.00029844458913428,0.0,1.0
ChIJaxDfKpMEDTkRrRoIsuSSnSM,5,0.40197452961583613,0.4,0.6
ChIJayXjcrfdDDkR3fX98P4X8t4,5,0.20080482211196796,0.2,0.8
ChIJayqg-TUbDTkRcFyaA0O5Wog,5,0.8027760207653045,0.8,0.2
ChIJazcHbn09DTkRy0dvrTlBckw,5,0.6000869306881214,0.6,0.4
ChIJb0ZxgdSpDTkRliL_cFrDh4Q,5,0.696875391015783,0.8,0.2
ChIJb1VVVZoCDTkR55_HhaH8rMk,5,0.8192766711115838,0.8,0.2
ChIJb1sEEkEZDTkRDOPsDUSAn_U,5,0.6034626329987077,0.6,0.4
ChIJb31uBhoHDTkRgNR0Ru405iE,5,0.00105479503399688,0.0,1.0
ChIJb681I4YbDTkRsQz7dBn9LQM,5,0.3945076905452879,0.4,0.6
ChIJb75Ao-79DDkRsIlRbmeNhYw,5,0.4003093926003203,0.4,0.6
ChIJb9R_xAfdDDkR2AVEx0QfRhk,5,0.18686524633958468,0.2,0.8
ChIJb9VeCNMYDTkRcs0Bfr8neXo,5,0.7999303533229977,0.8,0.2
ChIJbQ74MQkiDTkRYja2Bqk2fsE,5,0.8011396523565052,0.8,0.2
ChIJbQkQQq38DDkRiO1-3Xdle-Y,4,0.6731070922251092,0.75,0.25
ChIJbRm2nIndDDkRSBeUA2LGd1I,5,0.5830075466481504,0.6,0.4
ChIJbTT-v875DDkRfg30l_AE0wg,4,0.7494272436815663,0.75,0.25
ChIJbVCvAvAFDTkRlzr9tZeOr3c,5,0.3653872353257611,0.4,0.6
ChIJbW7dveILDTkRpbfTOIEo1U0,5,0.6000187380472198,0.6,0.4
ChIJbYigBcvjDDkRStKjE7MFi4o,5,0.8001203608699143,0.8,0.2
ChIJbZrCzw39DDkR76CW6KVWgYs,5,0.011482479004189342,0.0,1.0
ChIJbd9OQUMZDTkRVnrtcXUQNAA,5,0.9998673915863037,1.0,0.0
ChIJbe0Wa9oZDTkR_jLO_rumWio,4,0.003186954578268275,0.0,1.0
ChIJbei8fiD9DDkR6sUO_0lx9Cg,5,0.399465466759284,0.4,0.6
ChIJbfkmJQAHDTkRD-L97rM_8Bc,5,0.7886916041374207,0.8,0.2
ChIJbwpdFIXhDDkR1mfZ7FLaOV8,5,0.40032078244839786,0.4,0.6
ChIJby0WOwAfDTkR6PBzipNl_n8,5,0.00043355777161191997,0.0,1.0
ChIJc-0fwtYBDTkRsO8KJ3y5_gM,5,0.0025424678460694403,0.0,1.0
ChIJc2maTQAFDTkRh3AjPkXjtts,5,0.8042867943644524,0.8,0.2
ChIJc3ZI9pobDTkRPtK8HE8mb4I,5,0.990418803691864,1.0,0.0
ChIJc3tLO9gHDTkR-Yt8o7HV9V0,5,0.32863415114115924,0.4,0.6
ChIJc4BAbZoJDTkRKKZrpsVFBFw,5,0.9998286247253418,1.0,0.0
ChIJc71sG0EcDTkRy3QIJsXVu6I,5,0.8009354245848954,0.8,0.2
ChIJc9nUFqgYDTkRLusxIdi-tzQ,5,0.9992765665054322,1.0,0.0
ChIJcSOPprgdDTkR02f7jAhRoFE,5,0.4027151685615536,0.4,0.6
ChIJcU_DX6j_DDkRgq0yuWNNbMg,5,0.5999293018598109,0.6,0.4
ChIJcWZoJ0rnDDkR7ya1Tpcw6-k,5,0.40034601795487107,0.4,0.6
ChIJcYHejWQHDTkRoCglvFFeLcc,5,0.40020808038534594,0.4,0.6
ChIJcZ7kEYMZDTkRGUFb1yxSQfg,5,0.7999036711466033,0.8,0.2
ChIJcc4_KG8EDTkR4zJt8puaXqY,5,0.7997955618367996,0.8,0.2
ChIJcesj01GrDTkRrImwlYYttpM,5,0.8014688499271869,0.8,0.2
ChIJcfBZzI0ZDTkRzkNr9l0ifhY,5,0.7998837338527665,0.8,0.2
ChIJcfXKPeH5DDkRNcE1fMUKtKY,4,0.9928649365901947,1.0,0.0
ChIJcxohOZ4CDTkR96khe3coRkg,5,0.998646593093872,1.0,0.0
ChIJcyCyFDgBDTkRlbnFt0ewlWQ,3,0.6678712900417546,0.6666666666666666,0.3333333333333333
ChIJcyPwClgJDTkRpkzRG7inG44,5,0.6775014644488693,0.6,0.4
ChIJczB9bWwFDTkRpHg0nEMBI0M,5,0.5992009890731425,0.6,0.4
ChIJczKllXuqDTkRLn-SdXvjeUs,5,0.6000759676098824,0.6,0.4
ChIJd-3rnjD9DDkRh4jC5r1Deec,5,0.6001266594947083,0.6,0.4
ChIJd-ZjPh_7DDkR1oqGuo5VE1E,5,0.7983871499600355,0.8,0.2
ChIJd0OgBToZDTkRhlQmthdje-Y,5,0.9998759746551513,1.0,0.0
ChIJd0ioAMQbDTkRQVSbRjEe7WY,5,0.801038409397006,0.8,0.2
ChIJd0vHMCweDTkRayozzfX4sGc,5,0.9998327374458313,1.0,0.0
ChIJd4yhs0LjDDkRl-UgerNidgU,5,0.9996500492095948,1.0,0.0
ChIJd5LhshIDDTkRPxoMyHG_tgA,5,0.7999741620966233,0.8,0.2
ChIJd5cZPc8aDTkRE1xpc6mQ0Sg,5,0.006744612098555039,0.0,1.0
ChIJd6482AwFDTkRIzkWAxQEfIw,5,0.20095214977627615,0.2,0.8
ChIJd6srbPEdDTkR7DweAzHQPI4,5,0.00047639629337929994,0.0,1.0
ChIJd877ErcBDTkRSFMpmZaG98k,5,0.6110366424079985,0.6,0.4
ChIJd9sdC4MHDTkRtaltQYd0h2s,5,0.20031557671027253,0.2,0.8
ChIJdQZbs-EXDTkReLc3La1x-IU,1,0.9828737378120422,1.0,0.0
ChIJdXE5kq8ZDTkR3XRcDlA5Alk,5,0.39986668137426024,0.4,0.6
ChIJdXj1neQBDTkRe6C6ogZuxoU,5,0.6002522201975807,0.6,0.4
ChIJdYAAxLTjDDkRRUfNdj8TTyc,5,0.9996999025344848,1.0,0.0
ChIJdZJtxyIVDTkRIE66YtbuTXM,5,0.5989696209318935,0.6,0.4
ChIJda6QOks8DTkRSYPBnAZZFs8,5,0.999876880645752,1.0,0.0
ChIJda712aMDDTkRHVw3A7xAp0Q,5,0.7998898313904647,0.8,0.2
ChIJdaJqbSgdDTkRiKTTCgl1KSk,5,0.0004149759246501601,0.0,1.0
ChIJdad-SAQBDTkR6-Y1PIrL3Tk,5,0.0003547469794284,0.0,1.0
ChIJdb2nSwwZDTkR_qFicz-CfPw,5,0.9967834711074829,1.0,0.0
ChIJdc7B-KMHDTkRNozX6LADra0,5,0.005149888453888639,0.0,1.0
ChIJdwQosSwhDTkRemMOwhgmgNM,5,0.6237080454360694,0.6,0.4
ChIJdx3KI4vhDDkRjBieM5ZC8sI,5,0.9922145485877991,1.0,0.0
ChIJdy7ZET3cDDkRwzZ86bC0Ick,5,0.4006801639683545,0.4,0.6
ChIJdz8Zakw8DTkR_K7vS9toFgA,5,0.9998290657997131,1.0,0.0
ChIJe-euBg79DDkRqrpZ5Pzm8Qw,5,0.5999350273166784,0.6,0.4
ChIJe0aRQU_jDDkRiANhTaAQknI,5,0.7999796911492012,0.8,0.2
ChIJe0xCk5bdDDkR666iGLVq8iw,5,0.7999738621816505,0.8,0.2
ChIJe1-rNqjjDDkR8ByQ3dve4Pc,5,0.9985050559043884,1.0,0.0
ChIJe1bK-MgaDTkRQq9FTKRnEPU,5,0.799971318372991,0.8,0.2
ChIJe2RlJx0VDTkRrx8Vc-9ASYc,3,0.6679877531714736,0.6666666666666666,0.3333333333333333
ChIJe2r3TGoDDTkRE13K07ETc9I,5,0.00136614808870942,0.0,1.0
ChIJe3A-xMkEDTkR1g2PS6vXF5k,5,0.799951423285529,0.8,0.2
ChIJe3MwXDQYDTkRFSLBgYWqUOo,5,0.8087838232517243,0.8,0.2
ChIJe4zp0KMdDTkRm90YLrHBVg8,5,0.8355526864528656,0.8,0.2
ChIJe54WwuEFDTkRx2ZedvVZh3o,2,0.5691216439008713,0.5,0.5
ChIJe61PIQ8FDTkRhg9m7cdt9gg,5,0.31013057614909484,0.4,0.6
ChIJe6wA2_TjDDkR7Ojp3A0uKiI,5,0.0012488084903451802,0.0,1.0
ChIJe7gYHwCrDTkR_a-YZabtmog,5,0.6292752477806061,0.6,0.4
ChIJe921vQz7DDkRAdCP7xbNCEQ,5,0.5990874722716398,0.6,0.4
ChIJeQIQJdXgDDkRfhn0uyMOrxQ,5,0.2843840172863565,0.2,0.8
ChIJeS1Ng48BDTkRzKyCcH8fBB8,3,0.3343746882164851,0.3333333333333333,0.6666666666666666
ChIJeVadFNoBDTkRI6lS8QVv_7k,2,0.0004179697571089,0.0,1.0
ChIJeW9TomIBDTkRLs8ZjvIZbhY,5,0.7995794461166952,0.8,0.2
ChIJeXalCScHDTkRdVQT8zcdM2s,5,0.40297364806756375,0.4,0.6
ChIJeZFe5kcPDTkRrhgPmHzFA_A,5,0.6010516438516789,0.6,0.4
ChIJebj_xJUCDTkRJTp1RhuuXcI,5,0.20013391484098975,0.2,0.8
ChIJecUTHEUFDTkR29XTbwIDD8s,5,0.20397610854706727,0.2,0.8
ChIJed3qvkHhDDkRZz9hwNvIc1k,5,0.6048577345907689,0.6,0.4
ChIJed7_0FcFDTkR-gZawBKRXdQ,5,0.6406182499136776,0.6,0.4
ChIJed7uWW4jDTkRqkxrKc2dId0,5,0.9998430848121643,1.0,0.0
ChIJedUlZhz_DDkRt5q5eHsolr0,1,0.9997404217720032,1.0,0.0
ChIJeeAAHGsFDTkR0f2LZFlwN8I,5,0.041787256958195906,0.0,1.0
ChIJeeN3K_M9DTkRbW1ccwdONBI,5,0.19818517243838857,0.2,0.8
ChIJefT_XP8ZDTkRD_-feFIklCk,5,0.99984210729599,1.0,0.0
ChIJey3atz_cDDkRzaFat-06_cg,5,0.6109853283734992,0.6,0.4
ChIJf-ojjVkDDTkRA5rECogctuM,5,0.9982112646102905,1.0,0.0
ChIJf25pKZnhDDkRwGJaFMZCYAk,5,0.4052225421764888,0.4,0.6
ChIJf3Hgsir9DDkRm76px0vVAt4,5,0.38168435629922887,0.4,0.6
ChIJf4aZlKIZDTkRZvUGFuf-IV4,5,0.7977731904480606,0.8,0.2
ChIJf6Yq7tHjDDkR9wn1DIoV_GM,5,0.9960955858230591,1.0,0.0
ChIJf6e9W1IDDTkRjU22Y7Hx3lU,4,0.0006048218019713501,0.0,1.0
ChIJf71eU6wFDTkRg91tr_Fx31Y,5,0.00073366544966114,0.0,1.0
ChIJf7d4Yt36DDkRGKQZ09p4zI0,5,0.5999988596013281,0.6,0.4
ChIJf7tphKv8DDkRN6Kwn9dLpAI,5,0.18888774903607553,0.2,0.8
ChIJf89Sw6D5DDkRD8VTYAe8gtE,1,0.1339446157217025,0.0,1.0
ChIJf8BWKED9DDkRo0tNpcGElSk,5,0.019133757299277902,0.0,1.0
ChIJf9AdFZ0DDTkROoUXx6i7QvM,5,0.7975574233336374,0.8,0.2
ChIJf9JJIkX_DDkRaznuubwpzmU,4,0.7475113102627802,0.75,0.25
ChIJfQEtoOsCDTkRZ6-PHF1QCG4,5,0.7998219803383109,0.8,0.2
ChIJfQMZakYFDTkRoFBxu-hcf6A,5,0.000985911587486,0.0,1.0
ChIJfQc6E2MbDTkR60ajQ_TItMw,5,0.6015173866646364,0.6,0.4
ChIJfQoZ9HbiDDkRSibFdAucTrw,5,0.7993469983251998,0.8,0.2
ChIJfRu5zIwFDTkR4eaDE_lLUMs,5,0.20005983721057413,0.2,0.8
ChIJfRuk03LcDDkRjgXz8GpwXrc,5,0.7930067125649657,0.8,0.2
ChIJfSiOnxMcDTkRahjPqJOeN-g,5,0.7988401703536511,0.8,0.2
ChIJfUhqA8YjDTkRIhFkg-BOGCU,5,0.6003400909306947,0.6,0.4
ChIJfYdgbx37DDkRNqrP_TGtdC0,5,0.7991822799725924,0.8,0.2
ChIJfZabjD_9DDkR0siMJiwLzR8,5,0.9806946992874146,1.0,0.0
ChIJf_1WQ0H9DDkRRBGIPpYPrC4,5,0.9589844107627868,1.0,0.0
ChIJf_RyNJQZDTkRAVspU3WJK8U,5,0.9998477578163147,1.0,0.0
ChIJf_i50DwbDTkRJKI6ATn2HHQ,5,0.799902257102076,0.8,0.2
ChIJfbu6VMgaDTkREnaExmD70RM,5,0.5998805687879212,0.6,0.4
ChIJfxtgQFYaDTkRwu0tU9lGPGE,5,0.4006117847049608,0.4,0.6
ChIJfyoHSjznDDkR1l32qWnDa94,5,0.20158332243154292,0.2,0.8
ChIJg301fAMJDTkRf7OGcLE3iAU,5,0.5713477086450439,0.6,0.4
ChIJg4EYhZcCDTkRpG4TeF_9Xtw,5,0.8873412311077118,0.8,0.2
ChIJg4R_9YMFDTkRyOFMO5N_XAk,3,0.9536532759666443,1.0,0.0
ChIJg6CUT7IDDTkRVgUaYRZF5Ks,5,0.8058033507317305,0.8,0.2
ChIJg6ULUdEjDTkRnQiTUDS_J9s,5,0.9998584508895874,1.0,0.0
ChIJg7gqCGsZDTkRdaEehmo_1F8,5,0.6005837461561896,0.6,0.4
ChIJg95hFcUaDTkRPEIHxlLFqD0,5,0.00121754569699984,0.0,1.0
ChIJgRHwEe_7DDkRC6q5bpveHsc,5,0.9978606343269348,1.0,0.0
ChIJgSk2NVIFDTkRfuvFZDMRVkU,5,0.41983748665079473,0.4,0.6
ChIJgSqaay0ZDTkR76AdQCpsw1s,5,0.9996664166450501,1.0,0.0
ChIJgUNQnjTlDDkR1QhrUG9MRcE,5,0.6004451040411368,0.6,0.4
ChIJgVaLtj38DDkR9GuM4URH1aM,5,0.9996574640274047,1.0,0.0
ChIJgWst_o4FDTkREBbjHgEZyow,5,0.9998437285423278,1.0,0.0
ChIJgXegMZgbDTkRJjWjnK4hf1U,5,0.8000036358018405,0.8,0.2
ChIJgYEW9tHjDDkRY7NOQXZZSTU,5,0.661167309130542,0.6,0.4
ChIJganRVJAjDTkRuq61WMKx4NQ,5,0.9998074531555176,1.0,0.0
ChIJgdyQHisbDTkRlN7jaSGm6Zw,5,0.400228672119556,0.4,0.6
ChIJgePgPlwbDTkRe99VXOPJjJ4,4,0.5073691383258846,0.5,0.5
ChIJgfLBXRgeDTkRlsDBRnel4Ws,5,0.3989385020977352,0.4,0.6
ChIJgfNsgx3iDDkRVYjia-ScBMI,5,0.6000127145875013,0.6,0.4
ChIJgyqMzGPnDDkRQ20lUOXLQO8,5,0.7998961081320886,0.8,0.2
ChIJgz8jSOYZDTkRkPmx_o9V6-M,5,0.9997604608535766,1.0,0.0
ChIJgzemOSMBDTkRxeLIHSnwjds,5,0.5139251686399803,0.6,0.4
ChIJh-mR3oYFDTkRrvwH-wGgU5I,5,0.2003143554436974,0.2,0.8
ChIJh11bAXrjDDkR9tb-KG0AsUU,5,0.6002859757980332,0.6,0.4
ChIJh2pGUIICDTkRZPwKRwgklls,5,0.7998120501521043,0.8,0.2
ChIJh3MXlKUjDTkRo6ibACe4IOE,5,0.00090076066553586,0.0,1.0
ChIJh45apMkfDTkRsVm3VhUXE74,5,0.9994792103767395,1.0,0.0
ChIJh56SAIDdDDkR9NSPmd20Q0c,5,0.6000316207646392,0.6,0.4
ChIJh58T-3wHDTkRAf1MFbIVc2Y,5,0.20130437775515014,0.2,0.8
ChIJh5Fhbsj7DDkRVWFOMmVGyy8,5,0.20079636428272346,0.2,0.8
ChIJh7ypMCkZDTkRa9qZat_uAfQ,5,0.40059812318068,0.4,0.6
ChIJhWenoXoZDTkR8_pA7WnKEAk,5,0.39964386337669566,0.4,0.6
ChIJhZ5e-RYHDTkRUj9TQ7kXtYA,4,0.9998592734336853,1.0,0.0
ChIJhZ7D7lLnDDkRW1iGj1Y99cw,5,0.7943224344053306,0.8,0.2
ChIJh_S5sis9DTkR1oUaarU1OPk,5,0.9998547315597535,1.0,0.0
ChIJh_fvpJ0fDTkRUtRf7hTB600,5,0.7000437096110546,0.6,0.2
ChIJhbQ2bW8ZDTkRgB6pJDAyXXc,5,0.6002221621805802,0.6,0.4
ChIJhdCGIFUdDTkRzJqaue3kFuk,5,0.7916352539788931,0.8,0.2
ChIJhe3AYQAbDTkRNLVRMwA8VFI,1,0.000429037871072,0.0,1.0
ChIJhe8U-lo_DTkRUQkm2haPpZ8,3,0.6672183000482619,0.6666666666666666,0.3333333333333333
ChIJhfP0934DDTkRb0xgy-Wsucs,5,0.6010359419684391,0.6,0.4
ChIJhzHamC_iDDkRkUSrm3hnORw,5,0.999711549282074,1.0,0.0
ChIJi147UAAVDTkRWcXTa5zs4h4,5,0.9948193907737732,1.0,0.0
ChIJi154BwIFDTkREjsPJCSV5O4,5,0.00118964650318952,0.0,1.0
ChIJi16N4ZT7DDkRVvNyN9qevRM,5,0.402614433580311,0.4,0.6
ChIJi2vT-3UcDTkROnoFPdqD-bA,5,0.20103630604862702,0.2,0.8
ChIJi4GTF0H7DDkR25QXfXu1Uac,5,0.5772509990667458,0.6,0.4
ChIJi4RsIRvnDDkRz11cKiGwPMU,5,0.20125912594376133,0.2,0.8
ChIJi6ULd0sDDTkRFFLZ17omh6Y,5,0.5936078477854607,0.6,0.4
ChIJi6djbFgaDTkRSlSm1pL_cEI,5,0.7998963775695301,0.8,0.2
ChIJiRsZjhfjDDkRh-Hz8soazjI,5,0.80067084049806,0.8,0.2
ChIJiTGgzpkCDTkRfjZ2Ar8ZSBU,5,0.5976233970257454,0.6,0.4
ChIJiWLtVqP_DDkRLHUVE9GVOMo,1,0.9918509125709534,1.0,0.0
ChIJiZo7fRYBDTkRiTXIZN7ndcM,5,0.799332715861965,0.8,0.2
ChIJia8n1w7jDDkRB1hLFYhbDH4,5,0.20165325895650307,0.2,0.8
ChIJicRbzksFDTkR6DUl_93l5Uk,5,0.6011000703903846,0.6,0.4
ChIJidaezV_dDDkRnRpQRPzREZc,5,0.5999711413518526,0.6,0.4
ChIJifxgusrjDDkRyhoJd8vFkWI,5,0.16167682833620348,0.2,0.8
ChIJix1ZFWUYDTkRrJMXkJIv9mk,5,0.9998323798179627,1.0,0.0
ChIJixLvaq8HDTkR3a-ToyPGxt8,5,0.3982968198135495,0.4,0.6
ChIJixN4GUv9DDkRyd_Iu--GXgU,5,0.20775381905841636,0.2,0.8
ChIJixO9pSwfDTkRnBicOK6DA54,5,0.6007408358156681,0.6,0.4
ChIJixXicdkPDTkR2UeugUm5oMQ,1,0.9992817044258118,1.0,0.0
ChIJiyN1kz8bDTkRA2ud_zDRLqM,5,0.20463476904551497,0.2,0.8
ChIJiz6C02gYDTkRQyDPMavhpE8,5,0.3969419589382596,0.4,0.6
ChIJiziWrzAbDTkRdIPNjwNfI-o,5,0.9998641967773437,1.0,0.0
ChIJj0IpArTeDDkRBg2UFCSt5DI,1,0.9998214840888976,1.0,0.0
ChIJj1OudT0CDTkRtj84wg-cCE8,5,0.1335794552869629,0.2,0.8
ChIJj2CkiW7jDDkRtk7vqwXeRTw,5,0.7952152761630714,0.8,0.2
ChIJj3OjmdKtDTkRvWh_wE1co6E,5,0.41335157949943097,0.4,0.6
ChIJj3VBHVABDTkRbJf3b-WvsDs,4,0.7504634002107196,0.75,0.25
ChIJj5WWowbkDDkRZeORbR-RCbQ,5,0.41344128242344597,0.4,0.6
ChIJj6f6_j8YDTkRRjtc27zzXbg,5,0.5738735614315373,0.6,0.4
ChIJj8YORkcFDTkR94RXl2cn8tE,1,0.0088605703786015,0.0,1.0
ChIJj9ohA_sZDTkRzpldRlEu7O8,5,0.9998077869415283,1.0,0.0
ChIJj9wYgTDjDDkRVGwv1YerDGY,5,0.7261060153658037,0.8,0.2
ChIJjRnSLIwfDTkRSeSzIDKDY_s,5,0.6038822758942841,0.6,0.4
ChIJjSsoDJj7DDkRUNvExHCukF8,3,0.0011200576069919333,0.0,1.0
ChIJjTVekIr9DDkROSy1R9mJXRc,5,0.0004883909685303799,0.0,1.0
ChIJjU2t8HIBDTkRxUapQdDtARk,4,0.3257183287641965,0.25,0.75
ChIJjWa5JFAPDTkRDAWNgAmRllc,5,0.6011723770818207,0.6,0.4
ChIJjXIMuls9DTkRhBhavLC_ajo,5,0.9997717022895813,1.0,0.0
ChIJjYjbl0gbDTkRCrRAMjT45Yg,5,0.2361623654956929,0.2,0.8
ChIJjayGAQAFDTkR_tXrPD-6ou8,5,0.8003521122969687,0.8,0.2
ChIJjdR7GgEDDTkRk1PVg8rr8dE,5,0.5721161346300505,0.6,0.4
ChIJjeAJQbbdDDkRRcIeFMXXeRo,5,0.6896967017964926,0.6,0.4
ChIJjeWqzSkdDTkRlyfZf8SJ0X0,5,0.0014774193638004,0.0,1.0
ChIJjxDREmjhDDkR_q86XhG-KDE,5,0.8006318804807961,0.8,0.2
ChIJjyeFQCMfDTkRJuuH8AyC5YE,5,0.797153841771069,0.8,0.2
ChIJk1V_b6MdDTkREBke9zUcepg,3,0.0006621505987519666,0.0,1.0
ChIJk2gHn-nhDDkRuZScc5-PY8A,5,0.7907542355358601,0.8,0.2
ChIJk4WvZ3DjDDkRZ9zZPlkz7RU,5,0.4011155721265823,0.4,0.6
ChIJk4_wGzL7DDkR7ryPrhtrJuw,5,0.6000029735499993,0.6,0.4
ChIJk52GIJUjDTkRFLn_-Jkhn3Y,5,0.3988004234997788,0.4,0.6
ChIJk5n5hwb7DDkRRzu4ZFp60dg,3,0.00044860462852126673,0.0,1.0
ChIJk8AAxBEFDTkRijYHy1lzdPE,5,0.6021691311907489,0.6,0.4
ChIJk8P9dub_DDkRontArtZB6bw,5,0.8001198505749926,0.8,0.2
ChIJk8qoSVIDDTkRAEGQnmvB3wY,5,0.9990779995918274,1.0,0.0
ChIJk93LUHsFDTkRUXPXSpxy6eE,5,0.00060130835918236,0.0,1.0
ChIJkTyoKUkVDTkR8L5-ZWny4t8,5,0.8291362732648848,0.8,0.2
ChIJkUS0a7hrDTkR8_OhQzGLVjE,4,0.7251613246335182,0.75,0.25
ChIJkVM5FkgYDTkRPZkgLsmOLLE,5,0.6023346171714365,0.6,0.4
ChIJkVWZhsvkDDkRBjzrN61i9fQ,5,0.40014985748857723,0.4,0.6
ChIJkZedEMjiDDkRUK5PW7ktwd4,5,0.9140086531639099,1.0,0.0
ChIJka2EkL3lDDkRFeu9Eghc8xU,5,0.5979296806268394,0.6,0.4
ChIJkcJp03YDDTkRH88qPNzHLkw,5,0.9104512810707093,1.0,0.0
ChIJkf5hPkEcDTkRkw-x73G9OyM,5,0.0009197399573167399,0.0,1.0
ChIJkfHo0wEbDTkRUlBuTJv40mE,5,0.016729265399044305,0.0,1.0
ChIJkfmYCz_nDDkRl-e30Xfjyuw,5,0.40043686467979567,0.4,0.6
ChIJl-ab2zzdDDkR3F9f6h1Sy4U,5,0.40003771419869727,0.4,0.6
ChIJl-fnJmXnDDkRI72MNPOzSFA,5,0.9998061537742615,1.0,0.0
ChIJl0GK5hX5DDkRotk6Zj4Dd1M,5,0.599810422968585,0.6,0.4
ChIJl0LO2F_dDDkRdoKJO5-Xlpw,5,0.0013139427726855,0.0,1.0
ChIJl0oXUXPjDDkRr7CX9nQK4Hk,5,0.999269986152649,1.0,0.0
ChIJl3iEtgsXDTkRiPiStrNCuOo,5,0.999844765663147,1.0,0.0
ChIJl6486XvhDDkR4B-ArwFX0Ak,5,0.5999760263832286,0.6,0.4
ChIJlQfy8_r5DDkRsSOPE7yCfw4,5,0.37677824425045403,0.4,0.6
ChIJlRIZ9jv_DDkRp05iJfLCywQ,4,0.6066050454573997,0.75,0.25
ChIJlSDVKPIbDTkRFxNNJseitTI,5,0.41995868453523144,0.4,0.6
ChIJlTs8-VIZDTkRsrFfQNWP92U,5,0.7999159115483053,0.8,0.2
ChIJlU7xMJ4dDTkRS-CEa9X7JHw,5,0.0004245778894982601,0.0,1.0
ChIJlVva8wIDDTkROmiajVKodCw,5,0.0008404360909480199,0.0,1.0
ChIJl_0cXHwZDTkRFz_CkZcrn-I,5,0.2002752027881797,0.2,0.8
ChIJl_6HRQwZDTkRxKFsmlnUHXY,5,0.20019129864231214,0.2,0.8
ChIJl_cOl7gPDTkR41IRTkO4u-I,5,0.9992240190505981,1.0,0.0
ChIJlauOOPLnDDkRAsLWG3XzNmg,5,0.39972143679624417,0.4,0.6
ChIJlbip0PAdDTkRf4CfOJtwHZI,5,0.3994116894871695,0.4,0.6
ChIJld5jYJgCDTkRDRSGiGrG4H0,5,0.9994741559028626,1.0,0.0
ChIJlyMMChcHDTkRR-fZqsAQqLc,5,0.20429055751592387,0.2,0.8
ChIJlyWNs-T9DDkRLPAb1o0WNH0,5,0.2009877404634608,0.2,0.8
ChIJlzKkDmkFDTkR741uQY0UNgg,5,0.6076597469393163,0.6,0.4
ChIJm-_MRdgJDTkRaZlhQn1wdRo,5,0.5998596920806449,0.6,0.4
ChIJm053GEI-DTkRwKJuNdfAyLw,5,0.600046572892461,0.6,0.4
ChIJm0ebk2OpDTkR1k5tqktw8bg,5,0.20101544171338898,0.2,0.8
ChIJm0qIOasjDTkRA453tuikBoQ,5,0.8998123168945312,0.8,0.0
ChIJm1rJ0aEZDTkRC_bc4i_rPyI,5,0.6527233816101216,0.6,0.4
ChIJm1yegN_iDDkR2RLLVNyqbZ4,5,0.9994766354560852,1.0,0.0
ChIJm25SwA3kDDkRyLG31HJqNq0,5,0.5875086800893768,0.6,0.4
ChIJm3CI3S0ZDTkRAUh7BLkoMAg,5,0.7997789368964732,0.8,0.2
ChIJm5rPtlGrDTkR8sMpKe-1YS4,5,0.6005627462989651,0.6,0.4
ChIJm6x4_EL9DDkR-nogAnARs0Y,5,0.40040827382472344,0.4,0.6
ChIJm8VGkugYDTkRs--928cKH1s,5,0.9997918605804443,1.0,0.0
ChIJm98tDSYHDTkRa_L9K5npxF8,3,0.0003684809344122,0.0,1.0
ChIJmQYnvXEEDTkR0r7CgDsyI6Q,5,0.600960732952808,0.6,0.4
ChIJmTB5HzUZDTkRTBavRM5qJO4,5,0.9997964859008789,1.0,0.0
ChIJmTJKjpsCDTkR1STz4I0smpo,5,0.6001521524798591,0.6,0.4
ChIJmWEg6snjDDkRKh3js-UGjvs,5,0.19956697681918734,0.2,0.8
ChIJmY1WY2gBDTkRsmGgG-zn_90,5,0.7992955142515712,0.8,0.2
ChIJmZQOztIdDTkRP7F2TwIcXdg,5,0.9998548865318299,1.0,0.0
ChIJmZbL1DwBDTkRTUDCMOLJz6s,5,0.3999917573295534,0.4,0.6
ChIJm_hMGRjjDDkRypFWdaJKIic,5,0.08658856678521255,0.0,1.0
ChIJma0ObAsFDTkRevQdGGCNZEQ,5,0.0006223852658876599,0.0,1.0
ChIJmaiOGEo8DTkRRhZyisMfsrA,5,0.9855993032455445,1.0,0.0
ChIJmb7NnTHlDDkRlv2WNrp3Wio,5,0.7998318229394499,0.8,0.2
ChIJmbKGWigZDTkRnFzstL8pzNQ,5,0.9998206377029419,1.0,0.0
ChIJmdMbDOMFDTkRLZQSShdTEFw,5,0.5982524972874671,0.6,0.4
ChIJmfR1D3gVDTkRA0J2rv-VB9M,5,0.9998276591300964,1.0,0.0
ChIJmfptjLIYDTkRxeYtk28uQ4U,1,0.1034369394183158,0.0,1.0
ChIJmfuSlfUiDTkRvusb7g244DQ,4,0.9995223879814148,1.0,0.0
ChIJmxMf1OUZDTkRIJSsusHos68,5,0.799942185654072,0.8,0.2
ChIJmyas5kQfDTkRq1YVNY1ULj8,5,0.799892472627107,0.8,0.2
ChIJn2NM8QP9DDkRe7eRmvljE_4,5,0.7982224771054461,0.8,0.2
ChIJn31IGhI9DTkRkFdkJCaQLms,5,0.7955571169964969,0.8,0.2
ChIJn3sea8bdDDkRBNzpLJa0sM8,5,0.1985332916519837,0.2,0.8
ChIJn4Wvaj_dDDkR0OOyRUrFYsk,5,0.3994876682176255,0.4,0.6
ChIJn4gzI1ziDDkR9O77oIjkc7E,5,0.7986456483136862,0.8,0.2
ChIJn7p71dPjDDkRmAbO7nz1zME,5,0.24467580208729486,0.2,0.8
ChIJn8LrfyyvJzoRS4k22Vtcxl0,5,0.9987532496452332,1.0,0.0
ChIJn8WQdx3_DDkRm_6nU6G55Bc,1,0.9998563528060912,1.0,0.0
ChIJn90fB-IjDTkRa2h_IqLdOBk,5,0.9997708916664123,1.0,0.0
ChIJn9xREaAFDTkR6WxojxfAHQ4,5,0.00042812174651768003,0.0,1.0
ChIJnQTKoYYXDTkRU7pRAcKFALk,5,0.00034160190843972,0.0,1.0
ChIJnQozcn8_DTkR60f2nzOlM_M,5,0.7997537241899408,0.8,0.2
ChIJnSdHCZYDDTkR_BE827TPifk,5,0.2455419943085871,0.2,0.8
ChIJnSnYFEsZDTkR6NLGDcS6Qvo,5,0.000431785947876,0.0,1.0
ChIJnStO6bwZDTkRREJ25WLH6gQ,5,0.4022314270492643,0.4,0.6
ChIJnT-yG1cJDTkR5GYKsn2M7fU,5,0.6002331072988454,0.6,0.4
ChIJnTjJeM49DTkRFBa_G4PhaXg,5,0.8001011434709653,0.8,0.2
ChIJnWzx20U9DTkRPxUI9pMRna4,5,0.0009720872621982801,0.0,1.0
ChIJnYoZbzMZDTkRo083db9CdDs,5,0.19852525239402893,0.2,0.8
ChIJncDqI14PDTkRUyoZNk0tnt8,5,0.7984682339592837,0.8,0.2
ChIJnx2GLQv7DDkR4lgOVsS6N6E,5,0.39555317240592547,0.4,0.6
ChIJnxC_F-UDDTkR2a5firDedko,2,0.00090768726659005,0.0,1.0
ChIJnyd0goQCDTkRajFw4m1a10A,5,0.3997557552647777,0.4,0.6
ChIJnz7FD6b9DDkRAwrb4dvt8Xw,2,0.500789642042946,0.5,0.5
ChIJnzfZxyH9DDkRB58ZTRYEcpA,5,0.6000618278747425,0.6,0.4
ChIJo0kq50oDDTkRW31gcMJK4TY,5,0.7972625523922033,0.8,0.2
ChIJo4rzGLDhDDkRhQ81ZlWwock,5,0.9997269630432128,1.0,0.0
ChIJo7kBM2ocDTkR2TXLzP1eBUk,5,0.9045949816703797,1.0,0.0
ChIJo8imMzXjDDkR491FFKkskUk,5,0.40071118619525803,0.4,0.6
ChIJoRD2ulIbDTkRSe133WMqhaI,5,0.7996482666989323,0.8,0.2
ChIJoUDVS4MZDTkRqZ1d-JC_LcA,5,0.8004815584048629,0.8,0.2
ChIJoUe5i936DDkRrglOagh-Tcc,5,0.2094097331428202,0.2,0.8
ChIJoVz4DZ2lDTkR10wvXvxoI6U,4,0.9998703300952911,1.0,0.0
ChIJoX0kXzAXDTkRppuT4Y98D3U,3,0.9994253714879354,1.0,0.0
ChIJoXCAC4UCDTkR74kNa9O7gqI,5,0.6791424891329371,0.6,0.4
ChIJoY6Dp7cfDTkRzEdiSCB7ErA,5,0.8000053668860346,0.8,0.2
ChIJoYZHA4UHDTkR0NeUuFoc3XQ,1,0.999882698059082,1.0,0.0
ChIJoZy0FF3dDDkRDl0o6XjtTAQ,5,0.400097967023612,0.4,0.6
ChIJo_EVHzH7DDkRq0dEqPdaQ04,5,0.5995770873560105,0.6,0.4
ChIJochkDJkBDTkRF4kn2GTWRng,5,0.4000585353875067,0.4,0.6
ChIJockhMFI_DTkRlyEKfQmbwZU,2,0.999863862991333,1.0,0.0
ChIJoe00oYwBDTkR88z2B2LfPpE,5,0.5984405130817322,0.6,0.4
ChIJowM_upkCDTkRtKfuVBhKgdw,5,0.9782568931579589,1.0,0.0
ChIJoxaOpRD_DDkR2BsvcBL4zdw,4,0.7499969216441968,0.75,0.25
ChIJoxuvkn_hDDkRxd31OthoEt8,5,0.006437748772441359,0.0,1.0
ChIJozZZLu0fDTkRC6DaaoQIvf4,3,0.9998628695805868,1.0,0.0
ChIJp-rZp14LDTkR1a6LE5urPXE,5,0.40061507346690634,0.4,0.6
ChIJp0gsI8YVDTkRta54FAmE9x4,5,0.1997025943273911,0.2,0.8
ChIJp1raBtP9DDkRj02Yk5kcBcY,5,0.5999804625898832,0.6,0.4
ChIJp4vc-_IHDTkRb_HfVWOCbec,3,0.6664024469888924,0.6666666666666666,0.3333333333333333
ChIJp5HEBvEbDTkRUZfbGY7nZsE,5,0.7984097916865721,0.8,0.2
ChIJp6MyJTcZDTkRGFrLyjljPJk,5,0.7997028708690778,0.8,0.2
ChIJp6qq6tofDTkRxTTgVXrcTZk,5,0.4004817529115826,0.4,0.6
ChIJp77fqcAdDTkRI_xm4ZpmmOU,5,0.4478014258726034,0.4,0.6
ChIJp7nlOVIPDTkRwHE6DmPJcVU,1,0.9993332028388976,1.0,0.0
ChIJp8uY-tEPDTkRouDrF1aZ94A,5,0.7998844230547547,0.8,0.2
ChIJpReYhpb7DDkRSU_AvVk7Vwk,1,0.0004341282474342,0.0,1.0
ChIJpRwQWB6rDTkRxLYyRyYlOo4,4,0.25023442363453796,0.25,0.75
ChIJpTcilaQ9DTkR5_-YMDv8bCY,5,0.00062603272381234,0.0,1.0
ChIJpTgCIZobDTkREstZmkWNvdE,5,0.7979355470975861,0.8,0.2
ChIJpTozLlOrDTkRpgHOFA2GJwQ,1,0.0003728033043444,0.0,1.0
ChIJpV-ywbQVDTkRqWm6FgM6WCM,5,0.6068608885630965,0.6,0.4
ChIJpX4ZcV4DDTkRd-eCiR8vt7E,5,0.25185359520837663,0.2,0.8
ChIJpXzVXgD7DDkROTg2qZrmdZE,5,0.20208832038333635,0.2,0.8
ChIJpaO1QngdDTkRH43WFRC6rSA,5,0.3914543989871162,0.4,0.6
ChIJpdaR5mQHDTkRNN_caaPvuOs,5,0.20414721740526143,0.2,0.8
ChIJpdqtbN8jDTkRmuU5UArPQn0,5,0.5356529539683834,0.6,0.4
ChIJpfgC7NwFDTkRHExGxyfrvek,5,0.5400477649440291,0.6,0.4
ChIJpwL5yooFDTkRP-ehRCXFN38,5,0.2001492389303166,0.2,0.8
ChIJpwfcnIsdDTkRozATce4XjIU,5,0.6006243272975553,0.6,0.4
ChIJq0A_wPYbDTkRnV2bk_7Fzfc,5,0.4088155487552285,0.4,0.6
ChIJq30zq979DDkRSrt4pkT7aSM,5,0.7995335782296025,0.8,0.2
ChIJq3VR8w3_DDkRPICGVj8ny_I,4,0.7506882247980684,0.75,0.25
ChIJq5SJS2YfDTkRQUWOxyoaoOE,5,0.6008811220992356,0.6,0.4
ChIJq6q295cCDTkRHSmPwMHZeCk,5,0.6164321446092799,0.6,0.4
ChIJq6qathkdDTkR-mtwPPIV2C8,5,0.7749348900513724,0.8,0.2
ChIJq6qq6pMCDTkRqTr-63N3wDg,5,0.968650758266449,1.0,0.0
ChIJq6qqatPgDDkRZcvXKuNHJ0M,5,0.7982447005575523,0.8,0.2
ChIJq6qqp2r9DDkRJyXBgGO3brI,5,0.20043964980868623,0.2,0.8
ChIJq6qqp2r9DDkRR7me8ggUY5A,5,0.40402327101910485,0.4,0.6
ChIJq6qqqg3cDDkRcNh5dl8gb9c,5,0.7999304349010344,0.8,0.2
ChIJq6qqqtPgDDkRiU7ZAEq1d-8,5,0.761873310804367,0.8,0.2
ChIJq7-D7G77DDkR93Czw_SxpJ4,5,0.7999516152194701,0.8,0.2
ChIJq8lvdiIFDTkRB74NMBwT_Vk,5,0.0005847170919877799,0.0,1.0
ChIJqQ3x2j0FDTkRHNMbO1tpnwo,5,0.8023248801007867,0.8,0.2
ChIJqQZUNaQVDTkRPeAeq486Mtk,5,0.5979627326363698,0.6,0.4
ChIJqR0Lpo8dDTkRXtwuh1revik,5,0.7999125708302017,0.8,0.2
ChIJqUMw8V0DDTkRcqy-cZvfVvY,5,0.6000517108826898,0.6,0.4
ChIJqXNAFM4JDTkRv9fJ8SQ8ADM,5,0.799811168492306,0.8,0.2
ChIJqXNvIZUdDTkR25SLKrXqpcs,5,0.9998266458511352,1.0,0.0
ChIJqYTSZjIbDTkRQ_rOS4SGZQY,5,0.0005752331693656199,0.0,1.0
ChIJqZyTlRMXDTkRfIdgQno3Zws,5,0.9997508645057678,1.0,0.0
ChIJq_mqsfIZDTkR7CQGzKLopiM,5,0.6001846542349085,0.6,0.4
ChIJqaVBZgAJDTkRUZgxzV0qqI0,5,0.6011895384639502,0.6,0.4
ChIJqaoxLsUEDTkR-NjBX_zkwmo,5,0.2003001154167577,0.2,0.8
ChIJqaqqZ4YXDTkRtQ-QBVfHHQI,2,0.5004957395140082,0.5,0.5
ChIJqatSgMQfDTkRF9LVcrExTdM,5,0.9998482584953308,1.0,0.0
ChIJqbcp5TjlDDkR7K7kvixY4OI,5,0.9971633076667785,1.0,0.0
ChIJqdWdI88jDTkRl5jezmWbhyo,5,0.20023985024017743,0.2,0.8
ChIJqe1N890ZDTkRmmIYeR-jjV8,5,0.9985121369361878,1.0,0.0
ChIJqeUQpd3lDDkRAa1qCvUP7Lw,5,0.7997974540689029,0.8,0.2
ChIJqx4kZTP5DDkR0tWpOf7Q3tM,5,0.7998471464554313,0.8,0.2
ChIJqxGysiLcDDkRb_4pTjmeGHc,5,0.7610731829889119,0.8,0.2
ChIJqyK42_sYDTkRv0equibh_ow,5,0.20416473557124845,0.2,0.8
ChIJqzx_of0hDTkR-rg9kq8jjq0,5,0.00862615543883288,0.0,1.0
ChIJr-JBHwAPDTkRfQSor5wNRiE,5,0.9976996898651123,1.0,0.0
ChIJr-UiyxHhDDkR9jmGwVikkO4,5,0.40023276827996596,0.4,0.6
ChIJr1CxLkEbDTkRau7ByVr9-gc,5,0.999804675579071,1.0,0.0
ChIJr1JJFiEBDTkRFzuMhRJDDho,4,0.7585015436634421,0.75,0.25
ChIJr1OuS62pDTkRGQUhFaXynZY,4,0.5136417317189625,0.5,0.5
ChIJr2pE1N8BDTkR_szajQiBDpA,5,0.7999247418134473,0.8,0.2
ChIJr3G6agDdDDkRHk3tDePJCI4,5,0.8000765928300098,0.8,0.2
ChIJr3w57d8ZDTkReaF1ZGBlgvM,5,0.9998703718185424,1.0,0.0
ChIJr4AGGVvhDDkRG_xKgOWkQAQ,5,0.01168325725593598,0.0,1.0
ChIJr7zikkjjDDkRmaLEnWGPiYo,3,0.9880639314651489,1.0,0.0
ChIJr8LuNvwYDTkRLfjeI091NkU,5,0.9997681736946106,1.0,0.0
ChIJr8efdIv7DDkRnYHKsoANzwQ,5,0.6003176337690093,0.6,0.4
ChIJr8v4rd0fDTkRYHHvdeASgxA,5,0.9824471235275268,1.0,0.0
ChIJrQm2IkQZDTkR-GCn7nUAuSQ,5,0.4001717309787637,0.4,0.6
ChIJrU48_w_9DDkRAXDl9rxJ0kQ,5,0.0032319480902514796,0.0,1.0
ChIJrVtbefw9DTkRPqlo2vY-j1s,5,0.7028486142400652,0.8,0.2
ChIJr_HCO-kFDTkR_aDiWYPlg_g,5,0.17360013495781454,0.2,0.8
ChIJr_r0whMRDTkRvN55RzUgjOg,1,0.99941086769104,1.0,0.0
ChIJrcOxu7MVDTkRwGNFDz8XwIA,5,0.9997614622116089,1.0,0.0
ChIJrcVbzE3fDDkR0ONLilZcnO0,3,0.041849538548073405,0.0,1.0
ChIJrdHmZoQZDTkRmwGZkcfPj4Y,5,0.9998225688934326,1.0,0.0
ChIJrdT4SiEbDTkRIgX5tj9QnPs,5,0.20028196430357634,0.2,0.8
ChIJrwaFLOAfDTkRPIo2B_lkjSU,5,0.5997185436310246,0.6,0.4
ChIJry5bF2YBDTkRNPLEn2_bbOI,1,0.0003213195304851,0.0,1.0
ChIJs1sEqnMPDTkRLnqJlQn-Zs4,5,0.6002754753804765,0.6,0.4
ChIJs28LAX_7DDkRyHzGDbAs6YM,5,0.999736487865448,1.0,0.0
ChIJs4RS1F8FDTkR5f4f0ryLlWo,5,0.39762082212837413,0.4,0.6
ChIJs4ooMwDjDDkRGtav5_A2V-U,5,0.624016739660874,0.6,0.4
ChIJs5LeHAAXDTkRhHmVT0FLf6Q,3,0.9998524387677511,1.0,0.0
ChIJs5RrKf8hDTkRAqpHTQgqjBI,4,0.9998589307069778,1.0,0.0
ChIJs6KqbUwFDTkRsT_CP-hoENs,5,0.3995248599443585,0.4,0.6
ChIJs6yuI3QBDTkRG_R3QThdxY4,5,0.6002526756841688,0.6,0.4
ChIJs7GJ-NsFDTkRLD5mS5lSTCw,5,0.9997107744216919,1.0,0.0
ChIJs8OMODejDTkRKBAolDAcW9k,5,0.4021818651468493,0.4,0.6
ChIJsRPVdQ79DDkR_oNDxRA6InE,5,0.38596835036296395,0.4,0.6
ChIJsTX1574ZDTkRYBEzBecVO8s,3,0.9996299743652344,1.0,0.0
ChIJsWZJJEH9DDkRLIvrsH_SoIY,5,0.9997248888015747,1.0,0.0
ChIJsbue63QfDTkRhBwRIuFCTN8,5,0.599576759696356,0.6,0.4
ChIJseEZVyP_DDkRRmC3cXvC9uQ,2,0.5001116008934331,0.5,0.5
ChIJsea-6yc-DTkRx23SJV-zrfo,3,0.6265529931212465,0.6666666666666666,0.3333333333333333
ChIJsehXBLEFDTkRRnCG_Agg_HY,5,0.999672818183899,1.0,0.0
ChIJsfgyfjn_DDkR9NEHIHnv5AY,4,0.3803701175020251,0.5,0.5
ChIJsyRMG9PjDDkRu-_yoSGBWiQ,5,0.0013524408161174,0.0,1.0
ChIJt1wO0R7kDDkRYdm-4PCgRAs,5,0.8426562130451203,0.8,0.2
ChIJt3KdyTsZDTkRnrRRDF9xwo0,5,0.201828154240502,0.2,0.8
ChIJt3LeD7_nDDkRPvWAjIqtFk8,2,0.00057335257588415,0.0,1.0
ChIJt4qyPQAfDTkRBMvujBJs42E,5,0.9993058443069458,1.0,0.0
ChIJt5NINK-rDTkR6hsYRxJory0,5,0.9998612880706788,1.0,0.0
ChIJt7Z0krEVDTkRQK6XaPH4h6I,5,0.6459846597630531,0.6,0.4
ChIJt8hDrN_7DDkR4A_kFDaUU4Y,5,0.6009380846982821,0.6,0.4
ChIJtQK8YgDlDDkR2GhqfmSyzwE,5,0.20025557840126562,0.2,0.8
ChIJtQuDZvIZDTkRoGzaPPVdMss,5,0.7993833578657358,0.8,0.2
ChIJtQyatR79DDkR7JSqzaRjKzM,4,0.0023845579344196756,0.0,1.0
ChIJtR4NW0jcDDkRUETZGgY6mIY,5,0.7498018480837345,0.8,0.2
ChIJtR6Xc-8HDTkRAo-EkgV3FkA,5,0.3927142157306661,0.4,0.6
ChIJtRHB2kD9DDkRUY0APHYy8cI,5,0.20124184255837463,0.2,0.8
ChIJtRsd1IMjDTkRhi5TIH7xu98,5,0.22635198439820664,0.2,0.8
ChIJtSU-60fhDDkRIFpzjZOFQ-o,5,0.8010101273655892,0.8,0.2
ChIJtSaw3HP9DDkR67XUWkcGF0k,5,0.8001667687669396,0.8,0.2
ChIJtTHggW4YDTkRq1i72xHmz6E,5,0.9997987508773803,1.0,0.0
ChIJtX7UPNYBDTkR6aBBviY-pB4,5,0.20088150328956544,0.2,0.8
ChIJtYXzFm4BDTkRW6GmXG4mNII,5,0.8002980433404445,0.8,0.2
ChIJtYbaLgD7DDkRnGLGPEVaYt0,5,0.6000831822748296,0.6,0.4
ChIJtYj0-CfdDDkRAGrPizQfakk,5,0.6096723600174301,0.6,0.4
ChIJtaHuZ1AZDTkRyrznyfcQis8,5,0.9995932698249816,1.0,0.0
ChIJtaq-A5zjDDkRhbzhTkwimYg,5,0.9997259616851807,1.0,0.0
ChIJtdwaGPMYDTkRQK0oAP05IEI,5,0.6003387445118278,0.6,0.4
ChIJteDOQaoDDTkR671xxVVa6Dc,5,0.6000390289817006,0.6,0.4
ChIJtf6bT0X_DDkRyAZLrwRyr58,5,0.9744333863258362,1.0,0.0
ChIJtfVFi38ADTkRXdDWAReIZ2o,5,0.9485196709632874,1.0,0.0
ChIJtwsPvxsXDTkRbnLWQkgcsoU,5,0.7992229635827244,0.8,0.2
ChIJtxG-LJkCDTkRg84qf1td3qg,5,0.19999181158782448,0.2,0.8
ChIJtzXjyKv8DDkRasu5QY9A85k,5,0.9997812986373902,1.0,0.0
ChIJtzflUNEhDTkRCosTp3T0fO8,5,0.3727218013140372,0.4,0.6
ChIJtzqgI2U-DTkRsyjuU_lRS18,5,0.4036257039755583,0.4,0.6
ChIJu-834kAZDTkR5lRXhrM4Sm4,5,0.008096417982596858,0.0,1.0
ChIJu-J1KIL9DDkRr5qeJBYa8PM,5,0.1997576771100284,0.2,0.8
ChIJu1A7MTIdDTkRPwUWrLom8yw,5,0.3112345785601064,0.4,0.6
ChIJu20mEizdDDkRR9N1osWYkaM,5,0.20036072995862925,0.2,0.8
ChIJu2YFVjb9DDkR0KTtXpZwXtA,5,0.9970072865486145,1.0,0.0
ChIJu32QGTP_DDkRokwZ4k-ZmZ8,3,0.31414710260772455,0.3333333333333333,0.6666666666666666
ChIJu85bG-QVDTkRHw-yR_kKZU4,2,0.9998076260089874,1.0,0.0
ChIJu8LlD5oGDTkRwBIgoNVPNuU,5,0.2010768251988338,0.2,0.8
ChIJu9d5CfDjDDkRCegi4jcwD24,5,0.8062163330614567,0.8,0.2
ChIJuQOV4UP9DDkR_zW0AORu0Os,5,0.8064296543598175,0.8,0.2
ChIJuS9QqWoHDTkRK828ZAauYDE,5,0.00263503353344272,0.0,1.0
ChIJuU4UWSEFDTkR_sveAJgD2-g,1,0.9886434674263,1.0,0.0
ChIJuVkOINPjDDkR4FBr49a3Org,5,0.8000271729426458,0.8,0.2
ChIJuWJbafgdDTkRgrD6U1ZCKtc,5,0.7999111404933501,0.8,0.2
ChIJuWdhYEQcDTkRSaDfih8YwjA,5,0.40033228148240596,0.4,0.6
ChIJuWuDHAA9DTkRJKgWuC2hdIE,5,0.799937090696767,0.8,0.2
ChIJuXLbfLffDDkRxy1PB4zL1WA,5,0.7966912458767184,0.8,0.2
ChIJuXSu2CbhDDkR2BjuXI2YDLU,5,0.9978436350822448,1.0,0.0
ChIJuXhKZJPjDDkRWaj_AQQKWGk,5,0.8002187609905377,0.8,0.2
ChIJuYL0zDb7DDkRznsMPPI-ZsM,2,0.5000964610080699,0.5,0.5
ChIJuYjlFNPjDDkRq-G603kqdxU,5,0.0011843746586236799,0.0,1.0
ChIJuZcQSHoYDTkR8OykqL6oCRA,5,0.1861581138800829,0.2,0.8
ChIJudcH0C8dDTkRk6QLFST8EMs,5,0.5998605292174033,0.6,0.4
ChIJuf3nLdQODTkRvjBZOc2vxzc,3,0.6443011645848552,0.6666666666666666,0.3333333333333333
ChIJufECNbAfDTkRsAyk2MG1b1w,5,0.4000845657981699,0.4,0.6
ChIJuwDMPGMZDTkRwLNEZhvujiY,5,0.40037963328068144,0.4,0.6
ChIJuwnUayoBDTkR7f2EijQM9g8,5,0.20293784075183793,0.2,0.8
ChIJuzFfhHP9DDkRoWxD6RIlgzY,5,0.6000431333959568,0.6,0.4
ChIJv1JvttIYDTkR6QQG8Hbu9Io,5,0.999871778488159,1.0,0.0
ChIJv1PxxrsFDTkRYvU1JXgaRds,5,0.20217645914526655,0.2,0.8
ChIJv3LFrLbjDDkRcD6s3AqKMl8,5,0.798457065463299,0.8,0.2
ChIJv5eWZj3jDDkR_tI3DXrwG3M,5,0.5995685363071971,0.6,0.4
ChIJv7HZjfwHDTkRsAY2J5m3BfQ,5,0.46429093113401904,0.4,0.6
ChIJv95cHRgZDTkRuOlyYk0-h9g,5,0.9998321056365966,1.0,0.0
ChIJv9Wh8n8BDTkRiFIlyqavyjg,5,0.6005173917161301,0.6,0.4
ChIJvaDLwhAbDTkR_36PfbUB4-0,5,0.7993465318519156,0.8,0.2
ChIJvbq6qMAYDTkR_ir2j3Ddu6g,5,0.4002518131979741,0.4,0.6
ChIJvc-DqwwbDTkRSoKQ3ptUOHE,5,0.4004396282020025,0.4,0.6
ChIJveFwKoPhDDkRIqlykGWRMYA,5,0.20689930401276793,0.2,0.8
ChIJveR9BhL9DDkRzovn1p9-oZ8,4,0.49976170730951713,0.5,0.5
ChIJvf9FOoEHDTkR93ALQAIeEZo,5,0.7976285382232163,0.8,0.2
ChIJvfDCaMerDTkRij3h8iw-1bM,5,0.9998651385307312,1.0,0.0
ChIJvfkKM1ICDTkRARQ_hfTtLF0,5,0.4002501331386156,0.4,0.6
ChIJvwz3f_wYDTkRppCWpizlKPk,5,0.7997475665441016,0.8,0.2
ChIJw-ezIEAFDTkRjI637nlIT1Y,5,0.400179580488475,0.4,0.6
ChIJw1-SozIZDTkRl1rQPEknUFw,5,0.9992708563804626,1.0,0.0
ChIJw2f9Y3YDDTkR7XalAEXGCGI,5,0.20029356090817596,0.2,0.8
ChIJw38BrVMZDTkR5GJOODWBotg,5,0.9227018594741822,1.0,0.0
ChIJw4-X1Tf5DDkRmtRsLfv7Gco,5,0.8014099639840424,0.8,0.2
ChIJw5YvHgAfDTkRBy56MNY2nl0,5,0.7997106483438984,0.8,0.2
ChIJw6EdanYDDTkR9EzmpV-p2Dw,5,0.0016210797068196797,0.0,1.0
ChIJw7qPDAoZDTkRV-2mY2VsxR4,5,0.4002170801220927,0.4,0.6
ChIJw88JQH8bDTkRQidfQEiNIMY,5,0.5994333253067452,0.6,0.4
ChIJw8MNqtEYDTkR-YsYLWK7GI4,5,0.5998894150950946,0.6,0.4
ChIJw8lJYrD5DDkRYxfhdw87qbM,5,0.9992379665374755,1.0,0.0
ChIJw96ZnRD7DDkRW1EBfHRzjps,5,0.389963726195856,0.4,0.6
ChIJw9i-ZDMaDTkRsJ7qB0K3hFw,5,0.9998087048530578,1.0,0.0
ChIJwRQsIVYZDTkRTOvbeNZacZU,2,0.5002321227220818,0.5,0.5
ChIJwRT3qCUeDTkRecFelntewZs,5,0.9998646736145019,1.0,0.0
ChIJwV3SeBABDTkRQtfVG9zEhOY,5,0.999846613407135,1.0,0.0
ChIJwXfALvkaDTkRmyFhEbkG2JQ,5,0.8028871100395918,0.8,0.2
ChIJwXk9hdr9DDkR2FSvNa9XuIo,5,0.20060855280025863,0.2,0.8
ChIJwZWDKw39DDkR1zt1pmv8KD4,2,0.5025886639486997,0.5,0.5
ChIJwavkUvL7DDkRm7mRe1PIo8Q,5,0.20060812412411902,0.2,0.8
ChIJwcKwnhUDDTkRQWrXJ5HKiRk,5,0.5811075862264261,0.6,0.4
ChIJwdd2QAA9DTkR6N23pH_BlSc,5,0.5999788686400279,0.6,0.4
ChIJwdp9bzADDTkRt_4Txb3SJn4,5,0.9996418476104736,1.0,0.0
ChIJwyNkcvcjDTkRi9Q6m8AgXBg,5,0.9998393654823303,1.0,0.0
ChIJwyap0C4ZDTkRoNal--atvHU,5,0.22269012117176312,0.2,0.8
ChIJwzxOpWkcDTkRIODm_a6JlXA,5,0.9991070032119751,1.0,0.0
ChIJx-nhZO3hDDkRhvElsSXy5jE,5,0.9998103499412536,1.0,0.0
ChIJx0bOHEgZDTkRcxDTz1N9ASc,5,0.6004078501253389,0.6,0.4
ChIJx1vzJccJDTkRvrtlOzNNBDw,5,0.9994814157485962,1.0,0.0
ChIJx2G4jXwDDTkRHWHRAX90qJg,5,0.8792079448699951,0.8,0.2
ChIJx3sMMbYFDTkRoVO9BC4gqLI,5,0.7935633575485553,0.8,0.2
ChIJx5sJWL8DDTkRLnwjpzfKFV0,5,0.7990691618964775,0.8,0.2
ChIJx5ugHAv7DDkRSmi3LJexcdw,4,0.7013130180421285,0.75,0.25
ChIJx62cgXHiDDkRpfnRkuY4q2I,5,0.781567566934973,0.8,0.2
ChIJx6BZam8ZDTkRL_TARoK8i_w,5,0.6036969450418838,0.6,0.4
ChIJx6k4HM4ZDTkRPN4jwRg4X8M,5,0.4014529614592902,0.4,0.6
ChIJx6m1uo7dDDkR12u8JLX6V1I,5,0.99969881772995,1.0,0.0
ChIJx6qqOlDkDDkROn5jLYb6oo4,5,0.20048110520583579,0.2,0.8
ChIJxQtapR8bDTkRlecBFB8YTu4,5,0.20291632064618165,0.2,0.8
ChIJxTh6dqD_DDkRcDRMltyZr8E,5,0.799973283323925,0.8,0.2
ChIJxWQtupobDTkR9JtPxAEP9Dc,5,0.20893839891650715,0.2,0.8
ChIJxY54Sx_9DDkRgZ05aiuE6aQ,5,0.5986279911361635,0.6,0.4
ChIJxZIOo2ujDTkR_roeBy2RXLw,2,0.9998134076595306,1.0,0.0
ChIJxZnWx8oHDTkRUkMD7g_KF04,5,0.606086447625421,0.6,0.4
ChIJx_FdBwDnDDkRBnx9GzcApi8,5,0.462789632671047,0.4,0.6
ChIJx_sVdgXlDDkR6EBNphWNsXc,5,0.40788045307272114,0.4,0.6
ChIJxaP-LEYjDTkRKwrd-f1rgd0,5,0.2016992767748888,0.2,0.8
ChIJxazGehoDDTkRgXpoZkzEoFY,5,0.7999302410666133,0.8,0.2
ChIJxbmmUzkcDTkRupwAbVY8NHE,5,0.01736295458977106,0.0,1.0
ChIJxfD7FZwiDTkRP3SrCV-mTAE,5,0.9989572525024414,1.0,0.0
ChIJxx0yTpbjDDkRF3UBS7GPzO4,5,0.20043529321555975,0.2,0.8
ChIJxydUCQAZDTkRTbnjfN2N-1I,5,0.9998236417770385,1.0,0.0
ChIJxzEBJLMZDTkR3JmM3HkM_qQ,5,0.4019990053260699,0.4,0.6
ChIJy2cTCzADDTkRQf0Uee9-tZ4,5,0.9988014578819275,1.0,0.0
ChIJy3f9XQAPDTkR9vF3NtOBWoI,5,0.7987759042531252,0.8,0.2
ChIJy5hATaX5DDkRHI_obBJnPGs,4,0.7609727820381522,0.75,0.25
ChIJy6Pl_f8fDTkR21i3BZN30L4,5,0.7998752507613972,0.8,0.2
ChIJy9TCyKj7DDkRhTRHFi2RHQA,5,0.5777308155200445,0.6,0.4
ChIJyRKgd5E9DTkRQ-_q9wDDy3I,5,0.9998594403266907,1.0,0.0
ChIJyRN6s1z7DDkRXyz-nBjM_D8,5,0.7995121479441878,0.8,0.2
ChIJyUXaansBDTkRKVNqN84YfWs,5,0.769247779250145,0.8,0.2
ChIJyYjLxBEFDTkROW8FHNZ98FM,5,0.6032585434848443,0.6,0.4
ChIJyd-sPQDjDDkRfRiRKD5GJXg,5,0.8007533748634159,0.8,0.2
ChIJyd_rr2UBDTkRjfnsPvF7feY,1,0.0001779413432814,0.0,1.0
ChIJyfOaOSndDDkR3m2wNPTZ4I0,5,0.004380832449533,0.0,1.0
ChIJyfblicYYDTkRYmMn8f1coPg,5,0.4018335097294766,0.4,0.6
ChIJyx6PzRIZDTkR_rpcf2iugfY,5,0.9998766899108886,1.0,0.0
ChIJyxiabjIFDTkRnY9RAXKGWzU,1,0.000440219999291,0.0,1.0
ChIJz0uozLL7DDkRn8ViMcXySzo,5,0.3998960213328246,0.4,0.6
ChIJz16IJ_3dDDkRmEAza-Hp2Os,5,0.8009559728205204,0.8,0.2
ChIJz1izm5IjDTkRNiCBlzrxrNk,5,0.00301957121700974,0.0,1.0
ChIJz2AwM0IeDTkRE2lvAzLoGH4,5,0.7999169500486459,0.8,0.2
ChIJz2kv2TwZDTkRxLds7WNtqJY,5,0.6001765668392182,0.6,0.4
ChIJz5G7EdPgDDkR3nBZAmkk6QM,5,0.9992440938949585,1.0,0.0
ChIJz5hJI3IPDTkR00N5NdACfRs,5,0.7995826292491983,0.8,0.2
ChIJz6cFNNcDDTkR2sR2snMfXUM,5,0.37467804925981907,0.4,0.6
ChIJz6mMvD4cDTkRC1x5YWUVypU,5,0.6003005177946761,0.6,0.4
ChIJz6uJIQfjDDkR3gifjDKqsIQ,5,0.06348563257488415,0.0,1.0
ChIJz9f-o84BDTkRWxCjQOpjWnQ,5,0.5788304153596983,0.6,0.4
ChIJzRv4VzfjDDkRuKaA3fPk1zM,5,0.8415400624275208,1.0,0.0
ChIJzUZZUdzjDDkRJKDEesqf9fQ,5,0.7995689865900204,0.8,0.2
ChIJzVpPAUwHDTkRCd2U21g5PSs,5,0.7000630785012618,0.6,0.2
ChIJzXc9YhUBDTkRsWv66_fqyqA,5,0.39987028411705977,0.4,0.6
ChIJzYWKVtgEDTkREkjqjzN6nas,5,0.5946531977970153,0.6,0.4
ChIJzZI0VEkZDTkR29_RofPvWQE,5,0.8013224576599896,0.8,0.2
ChIJzaSD0YLjDDkRNdQPGay3_OE,5,0.6000518071552505,0.6,0.4
ChIJzabjO74BDTkRpMz3VDvN2Aw,5,0.20476068543212017,0.2,0.8
ChIJzbs7X9MBDTkR6P5MilgrDH8,5,0.2001421391265467,0.2,0.8
ChIJzduWdHEZDTkRBKRB3ET9eV8,5,0.40047819790197536,0.4,0.6
ChIJzeEXTeAbDTkRXRtjQda7RXg,5,0.6032446013763547,0.6,0.4
ChIJzedOOWzjDDkRHuh3Br0sIZA,5,0.0009905627288389399,0.0,1.0
ChIJzw_MWG0BDTkRVR_jgo6c2JM,3,0.0016209659515879335,0.0,1.0
ChIJzyKBJd7lDDkRCBDbrwbxyt0,5,0.0012927546515129,0.0,1.0
ChIJzyidtTEdDTkR32S2ajuXbOs,5,0.06512558326357973,0.0,1.0
